finbert_positive,finbert_negative,finbert_neutral,finbert_score,finbert_confidence,finbert_label,ticker,date,quarter,tone,vader_compound,vader_sent_mean,uncertain_ratio,net_tone_ratio,vader_compound_change,model_divergence,finbert_sent_mean,finbert_sent_std,finbert_sent_min,finbert_sent_max,finbert_pct_pos,finbert_pct_neg,finbert_sent_range,finbert_score_lag,finbert_score_change,composite_score,composite_change
0.949,0.0121,0.0389,0.9369,0.616,positive,AAPL,2020-04-01,Q2 2020,positive,0.981,0.6946,0.0,0.0638,,-0.04410000000000003,0.9235,0.0192,0.892,0.9453,1.0,0.0,0.0533,,,0.9545399999999999,0.0
0.949,0.0121,0.0389,0.9369,0.616,positive,AAPL,2020-04-01,Q2 2020,positive,0.981,0.6946,0.0,0.0638,,-0.04410000000000003,0.9324,0.0065,0.9219,0.9383,1.0,0.0,0.0164,0.9369,0.0,0.9545399999999999,0.0
0.949,0.0121,0.0389,0.9369,0.616,positive,AAPL,2020-04-01,Q2 2020,positive,0.981,0.6946,0.0,0.0638,,-0.04410000000000003,0.8997,0.0673,0.7653,0.9371,1.0,0.0,0.1718,0.9369,0.0,0.9545399999999999,0.0
0.949,0.0121,0.0389,0.9369,0.616,positive,AAPL,2020-04-01,Q2 2020,positive,0.981,0.6946,0.0,0.0638,,-0.04410000000000003,0.5491,0.3784,0.1294,0.9346,1.0,0.0,0.8052,0.9369,0.0,0.9545399999999999,0.0
0.949,0.0121,0.0389,0.9369,0.616,positive,AAPL,2020-04-01,Q2 2020,positive,0.981,0.6946,0.0,0.0638,,-0.04410000000000003,0.2902,0.7248,-0.9002,0.8874,0.75,0.25,1.7876,0.9369,0.0,0.9545399999999999,0.0
0.3553,0.1357,0.509,0.2196,0.176,neutral,AAPL,2020-07-01,Q3 2020,cautious,0.4588,0.1129,0.029,-0.029,-0.5222,-0.2392,0.1059,0.6452,-0.9577,0.7054,0.75,0.25,1.6631,0.9369,-0.7172999999999999,0.31528,-0.6392599999999999
0.3553,0.1357,0.509,0.2196,0.176,neutral,AAPL,2020-07-01,Q3 2020,cautious,0.4588,0.1129,0.029,-0.029,-0.5222,-0.2392,0.9324,0.0065,0.9219,0.9384,1.0,0.0,0.0165,0.2196,0.0,0.31528,-0.20888
0.3553,0.1357,0.509,0.2196,0.176,neutral,AAPL,2020-07-01,Q3 2020,cautious,0.4588,0.1129,0.029,-0.029,-0.5222,-0.2392,0.1512,0.734,-0.9623,0.8327,0.5,0.25,1.795,0.2196,0.0,0.31528,-0.20888
0.3553,0.1357,0.509,0.2196,0.176,neutral,AAPL,2020-07-01,Q3 2020,cautious,0.4588,0.1129,0.029,-0.029,-0.5222,-0.2392,0.6686,0.2575,0.3442,0.9318,1.0,0.0,0.5876,0.2196,0.0,0.31528,-0.20888
0.3553,0.1357,0.509,0.2196,0.176,neutral,AAPL,2020-07-01,Q3 2020,cautious,0.4588,0.1129,0.029,-0.029,-0.5222,-0.2392,0.8298,0.1996,0.4308,0.9364,1.0,0.0,0.5056,0.2196,0.0,0.31528,-0.20888
0.9451,0.0247,0.0302,0.9204,0.6121,positive,AAPL,2020-10-01,Q4 2020,mixed,0.8104,0.3059,0.0267,0.0,0.3516,0.10999999999999999,0.1702,0.7726,-0.8296,0.9245,0.5,0.5,1.7541,0.2196,0.7008,0.8764,0.56112
0.9451,0.0247,0.0302,0.9204,0.6121,positive,AAPL,2020-10-01,Q4 2020,mixed,0.8104,0.3059,0.0267,0.0,0.3516,0.10999999999999999,0.9324,0.0065,0.9219,0.9385,1.0,0.0,0.0166,0.9204,0.0,0.8764,0.14064000000000002
0.9451,0.0247,0.0302,0.9204,0.6121,positive,AAPL,2020-10-01,Q4 2020,mixed,0.8104,0.3059,0.0267,0.0,0.3516,0.10999999999999999,0.8998,0.0673,0.7653,0.9371,1.0,0.0,0.1718,0.9204,0.0,0.8764,0.14064000000000002
0.9451,0.0247,0.0302,0.9204,0.6121,positive,AAPL,2020-10-01,Q4 2020,mixed,0.8104,0.3059,0.0267,0.0,0.3516,0.10999999999999999,0.6686,0.2575,0.3442,0.9319,1.0,0.0,0.5877,0.9204,0.0,0.8764,0.14064000000000002
0.9451,0.0247,0.0302,0.9204,0.6121,positive,AAPL,2020-10-01,Q4 2020,mixed,0.8104,0.3059,0.0267,0.0,0.3516,0.10999999999999999,0.8298,0.1996,0.4308,0.9364,1.0,0.0,0.5056,0.9204,0.0,0.8764,0.14064000000000002
0.9449,0.0256,0.0296,0.9193,0.6119,positive,AAPL,2021-01-01,Q1 2021,mixed,0.8104,0.3059,0.0267,0.0,0.0,0.1089,0.1619,0.7834,-0.8628,0.9245,0.5,0.5,1.7873,0.9204,-0.0010999999999999899,0.87574,-0.0006599999999999939
0.9449,0.0256,0.0296,0.9193,0.6119,positive,AAPL,2021-01-01,Q1 2021,mixed,0.8104,0.3059,0.0267,0.0,0.0,0.1089,0.9324,0.0065,0.9219,0.9383,1.0,0.0,0.0164,0.9193,0.0,0.87574,0.0
0.9449,0.0256,0.0296,0.9193,0.6119,positive,AAPL,2021-01-01,Q1 2021,mixed,0.8104,0.3059,0.0267,0.0,0.0,0.1089,0.8995,0.0672,0.7653,0.9371,1.0,0.0,0.1718,0.9193,0.0,0.87574,0.0
0.9449,0.0256,0.0296,0.9193,0.6119,positive,AAPL,2021-01-01,Q1 2021,mixed,0.8104,0.3059,0.0267,0.0,0.0,0.1089,0.6687,0.2576,0.3442,0.9323,1.0,0.0,0.5881,0.9193,0.0,0.87574,0.0
0.9449,0.0256,0.0296,0.9193,0.6119,positive,AAPL,2021-01-01,Q1 2021,mixed,0.8104,0.3059,0.0267,0.0,0.0,0.1089,0.8297,0.1995,0.4308,0.9364,1.0,0.0,0.5056,0.9193,0.0,0.87574,0.0
0.9491,0.0122,0.0387,0.9369,0.6161,positive,AAPL,2021-04-01,Q2 2021,positive,0.981,0.6946,0.0,0.0638,0.1705999999999999,-0.04410000000000003,0.9234,0.0191,0.892,0.9453,1.0,0.0,0.0533,0.9193,0.01759999999999995,0.9545399999999999,0.07879999999999993
0.9491,0.0122,0.0387,0.9369,0.6161,positive,AAPL,2021-04-01,Q2 2021,positive,0.981,0.6946,0.0,0.0638,0.1705999999999999,-0.04410000000000003,0.9324,0.0064,0.9219,0.9382,1.0,0.0,0.0163,0.9369,0.0,0.9545399999999999,0.06823999999999995
0.9491,0.0122,0.0387,0.9369,0.6161,positive,AAPL,2021-04-01,Q2 2021,positive,0.981,0.6946,0.0,0.0638,0.1705999999999999,-0.04410000000000003,0.8995,0.0672,0.7653,0.9371,1.0,0.0,0.1718,0.9369,0.0,0.9545399999999999,0.06823999999999995
0.9491,0.0122,0.0387,0.9369,0.6161,positive,AAPL,2021-04-01,Q2 2021,positive,0.981,0.6946,0.0,0.0638,0.1705999999999999,-0.04410000000000003,0.5489,0.3782,0.1294,0.9338,1.0,0.0,0.8044,0.9369,0.0,0.9545399999999999,0.06823999999999995
0.9491,0.0122,0.0387,0.9369,0.6161,positive,AAPL,2021-04-01,Q2 2021,positive,0.981,0.6946,0.0,0.0638,0.1705999999999999,-0.04410000000000003,0.8296,0.1995,0.4308,0.9364,1.0,0.0,0.5056,0.9369,0.0,0.9545399999999999,0.06823999999999995
0.9491,0.0122,0.0387,0.937,0.6161,positive,AAPL,2021-07-01,Q3 2021,positive,0.981,0.6946,0.0,0.0638,0.0,-0.04399999999999993,0.9234,0.0191,0.892,0.9453,1.0,0.0,0.0533,0.9369,0.00010000000000010001,0.9546000000000001,6.0000000000060005e-05
0.9491,0.0122,0.0387,0.937,0.6161,positive,AAPL,2021-07-01,Q3 2021,positive,0.981,0.6946,0.0,0.0638,0.0,-0.04399999999999993,0.2528,0.7686,-0.9601,0.9203,0.75,0.25,1.8804,0.937,0.0,0.9546000000000001,0.0
0.9491,0.0122,0.0387,0.937,0.6161,positive,AAPL,2021-07-01,Q3 2021,positive,0.981,0.6946,0.0,0.0638,0.0,-0.04399999999999993,0.8996,0.0672,0.7653,0.9371,1.0,0.0,0.1718,0.937,0.0,0.9546000000000001,0.0
0.9491,0.0122,0.0387,0.937,0.6161,positive,AAPL,2021-07-01,Q3 2021,positive,0.981,0.6946,0.0,0.0638,0.0,-0.04399999999999993,0.549,0.3782,0.1294,0.934,1.0,0.0,0.8046,0.937,0.0,0.9546000000000001,0.0
0.9491,0.0122,0.0387,0.937,0.6161,positive,AAPL,2021-07-01,Q3 2021,positive,0.981,0.6946,0.0,0.0638,0.0,-0.04399999999999993,0.0484,0.7744,-0.9625,0.9187,0.6667,0.3333,1.8812,0.937,0.0,0.9546000000000001,0.0
0.9492,0.0122,0.0387,0.937,0.6162,positive,AAPL,2021-10-01,Q4 2021,positive,0.981,0.6946,0.0,0.0638,0.0,-0.04399999999999993,0.9234,0.0191,0.892,0.9453,1.0,0.0,0.0533,0.937,0.0,0.9546000000000001,0.0
0.9492,0.0122,0.0387,0.937,0.6162,positive,AAPL,2021-10-01,Q4 2021,positive,0.981,0.6946,0.0,0.0638,0.0,-0.04399999999999993,0.9324,0.0065,0.9219,0.9383,1.0,0.0,0.0164,0.937,0.0,0.9546000000000001,0.0
0.9492,0.0122,0.0387,0.937,0.6162,positive,AAPL,2021-10-01,Q4 2021,positive,0.981,0.6946,0.0,0.0638,0.0,-0.04399999999999993,0.1558,0.7328,-0.9623,0.8327,0.5,0.25,1.795,0.937,0.0,0.9546000000000001,0.0
0.9492,0.0122,0.0387,0.937,0.6162,positive,AAPL,2021-10-01,Q4 2021,positive,0.981,0.6946,0.0,0.0638,0.0,-0.04399999999999993,0.6687,0.2576,0.3442,0.9324,1.0,0.0,0.5882,0.937,0.0,0.9546000000000001,0.0
0.9492,0.0122,0.0387,0.937,0.6162,positive,AAPL,2021-10-01,Q4 2021,positive,0.981,0.6946,0.0,0.0638,0.0,-0.04399999999999993,0.8297,0.1996,0.4308,0.9364,1.0,0.0,0.5056,0.937,0.0,0.9546000000000001,0.0
0.9445,0.0252,0.0303,0.9193,0.6115,positive,AAPL,2022-01-01,Q1 2022,mixed,0.8104,0.3059,0.0267,0.0,-0.1705999999999999,0.1089,0.1629,0.7821,-0.8587,0.9245,0.5,0.5,1.7832,0.937,-0.01770000000000005,0.87574,-0.07885999999999999
0.9445,0.0252,0.0303,0.9193,0.6115,positive,AAPL,2022-01-01,Q1 2022,mixed,0.8104,0.3059,0.0267,0.0,-0.1705999999999999,0.1089,0.9323,0.0064,0.9219,0.938,1.0,0.0,0.0161,0.9193,0.0,0.87574,-0.06823999999999995
0.9445,0.0252,0.0303,0.9193,0.6115,positive,AAPL,2022-01-01,Q1 2022,mixed,0.8104,0.3059,0.0267,0.0,-0.1705999999999999,0.1089,0.8995,0.0671,0.7653,0.9371,1.0,0.0,0.1718,0.9193,0.0,0.87574,-0.06823999999999995
0.9445,0.0252,0.0303,0.9193,0.6115,positive,AAPL,2022-01-01,Q1 2022,mixed,0.8104,0.3059,0.0267,0.0,-0.1705999999999999,0.1089,0.6686,0.2575,0.3442,0.9319,1.0,0.0,0.5877,0.9193,0.0,0.87574,-0.06823999999999995
0.9445,0.0252,0.0303,0.9193,0.6115,positive,AAPL,2022-01-01,Q1 2022,mixed,0.8104,0.3059,0.0267,0.0,-0.1705999999999999,0.1089,0.2911,0.7255,-0.9002,0.891,0.75,0.25,1.7912,0.9193,0.0,0.87574,-0.06823999999999995
0.9442,0.025,0.0308,0.9193,0.6112,positive,AAPL,2022-04-01,Q2 2022,mixed,0.8104,0.3059,0.0267,0.0,0.0,0.1089,0.1638,0.7809,-0.8552,0.9245,0.5,0.5,1.7797,0.9193,0.0,0.87574,0.0
0.9442,0.025,0.0308,0.9193,0.6112,positive,AAPL,2022-04-01,Q2 2022,mixed,0.8104,0.3059,0.0267,0.0,0.0,0.1089,0.2526,0.7684,-0.9601,0.9192,0.75,0.25,1.8793,0.9193,0.0,0.87574,0.0
0.9442,0.025,0.0308,0.9193,0.6112,positive,AAPL,2022-04-01,Q2 2022,mixed,0.8104,0.3059,0.0267,0.0,0.0,0.1089,0.8994,0.0671,0.7653,0.9371,1.0,0.0,0.1718,0.9193,0.0,0.87574,0.0
0.9442,0.025,0.0308,0.9193,0.6112,positive,AAPL,2022-04-01,Q2 2022,mixed,0.8104,0.3059,0.0267,0.0,0.0,0.1089,0.6685,0.2574,0.3442,0.9316,1.0,0.0,0.5874,0.9193,0.0,0.87574,0.0
0.9442,0.025,0.0308,0.9193,0.6112,positive,AAPL,2022-04-01,Q2 2022,mixed,0.8104,0.3059,0.0267,0.0,0.0,0.1089,0.8297,0.1996,0.4308,0.9364,1.0,0.0,0.5056,0.9193,0.0,0.87574,0.0
0.9443,0.025,0.0307,0.9193,0.6113,positive,AAPL,2022-07-01,Q3 2022,mixed,0.8104,0.3059,0.0267,0.0,0.0,0.1089,0.1631,0.7818,-0.8579,0.9245,0.5,0.5,1.7824,0.9193,0.0,0.87574,0.0
0.9443,0.025,0.0307,0.9193,0.6113,positive,AAPL,2022-07-01,Q3 2022,mixed,0.8104,0.3059,0.0267,0.0,0.0,0.1089,0.9323,0.0064,0.9219,0.9379,1.0,0.0,0.016,0.9193,0.0,0.87574,0.0
0.9443,0.025,0.0307,0.9193,0.6113,positive,AAPL,2022-07-01,Q3 2022,mixed,0.8104,0.3059,0.0267,0.0,0.0,0.1089,0.1388,0.7378,-0.9623,0.8327,0.5,0.5,1.795,0.9193,0.0,0.87574,0.0
0.9443,0.025,0.0307,0.9193,0.6113,positive,AAPL,2022-07-01,Q3 2022,mixed,0.8104,0.3059,0.0267,0.0,0.0,0.1089,0.6685,0.2574,0.3442,0.9316,1.0,0.0,0.5874,0.9193,0.0,0.87574,0.0
0.9443,0.025,0.0307,0.9193,0.6113,positive,AAPL,2022-07-01,Q3 2022,mixed,0.8104,0.3059,0.0267,0.0,0.0,0.1089,0.2904,0.725,-0.9002,0.8882,0.75,0.25,1.7884,0.9193,0.0,0.87574,0.0
0.95,0.0123,0.0377,0.9376,0.617,positive,AAPL,2022-10-01,Q4 2022,positive,0.981,0.6946,0.0,0.0638,0.1705999999999999,-0.043399999999999994,0.9235,0.0192,0.892,0.9453,1.0,0.0,0.0533,0.9193,0.018299999999999983,0.95496,0.07921999999999994
0.95,0.0123,0.0377,0.9376,0.617,positive,AAPL,2022-10-01,Q4 2022,positive,0.981,0.6946,0.0,0.0638,0.1705999999999999,-0.043399999999999994,0.3963,0.4733,-0.2498,0.9064,0.75,0.25,1.1562,0.9376,0.0,0.95496,0.06823999999999995
0.95,0.0123,0.0377,0.9376,0.617,positive,AAPL,2022-10-01,Q4 2022,positive,0.981,0.6946,0.0,0.0638,0.1705999999999999,-0.043399999999999994,0.8995,0.0672,0.7653,0.9371,1.0,0.0,0.1718,0.9376,0.0,0.95496,0.06823999999999995
0.95,0.0123,0.0377,0.9376,0.617,positive,AAPL,2022-10-01,Q4 2022,positive,0.981,0.6946,0.0,0.0638,0.1705999999999999,-0.043399999999999994,0.5489,0.3782,0.1294,0.9339,1.0,0.0,0.8045,0.9376,0.0,0.95496,0.06823999999999995
0.95,0.0123,0.0377,0.9376,0.617,positive,AAPL,2022-10-01,Q4 2022,positive,0.981,0.6946,0.0,0.0638,0.1705999999999999,-0.043399999999999994,0.2906,0.7251,-0.9002,0.8891,0.75,0.25,1.7893,0.9376,0.0,0.95496,0.06823999999999995
0.3261,0.1722,0.5017,0.1539,0.1687,neutral,AAPL,2023-01-01,Q1 2023,cautious,0.4588,0.1129,0.029,-0.029,-0.5222,-0.30489999999999995,0.0759,0.6277,-0.9577,0.7054,0.75,0.25,1.6631,0.9376,-0.7837,0.27586,-0.6791
0.3261,0.1722,0.5017,0.1539,0.1687,neutral,AAPL,2023-01-01,Q1 2023,cautious,0.4588,0.1129,0.029,-0.029,-0.5222,-0.30489999999999995,0.9323,0.0064,0.9219,0.9381,1.0,0.0,0.0162,0.1539,0.0,0.27586,-0.20888
0.3261,0.1722,0.5017,0.1539,0.1687,neutral,AAPL,2023-01-01,Q1 2023,cautious,0.4588,0.1129,0.029,-0.029,-0.5222,-0.30489999999999995,0.8995,0.0671,0.7653,0.9371,1.0,0.0,0.1718,0.1539,0.0,0.27586,-0.20888
0.3261,0.1722,0.5017,0.1539,0.1687,neutral,AAPL,2023-01-01,Q1 2023,cautious,0.4588,0.1129,0.029,-0.029,-0.5222,-0.30489999999999995,0.6686,0.2575,0.3442,0.932,1.0,0.0,0.5878,0.1539,0.0,0.27586,-0.20888
0.3261,0.1722,0.5017,0.1539,0.1687,neutral,AAPL,2023-01-01,Q1 2023,cautious,0.4588,0.1129,0.029,-0.029,-0.5222,-0.30489999999999995,0.8298,0.1996,0.4308,0.9364,1.0,0.0,0.5056,0.1539,0.0,0.27586,-0.20888
0.9442,0.025,0.0308,0.9192,0.6112,positive,AAPL,2023-04-01,Q2 2023,mixed,0.8104,0.3059,0.0267,0.0,0.3516,0.10880000000000001,0.1653,0.7789,-0.849,0.9245,0.5,0.5,1.7735,0.1539,0.7653,0.87568,0.59982
0.9442,0.025,0.0308,0.9192,0.6112,positive,AAPL,2023-04-01,Q2 2023,mixed,0.8104,0.3059,0.0267,0.0,0.3516,0.10880000000000001,0.3956,0.4737,-0.2498,0.9064,0.75,0.25,1.1562,0.9192,0.0,0.87568,0.14064000000000002
0.9442,0.025,0.0308,0.9192,0.6112,positive,AAPL,2023-04-01,Q2 2023,mixed,0.8104,0.3059,0.0267,0.0,0.3516,0.10880000000000001,0.8995,0.0671,0.7653,0.9371,1.0,0.0,0.1718,0.9192,0.0,0.87568,0.14064000000000002
0.9442,0.025,0.0308,0.9192,0.6112,positive,AAPL,2023-04-01,Q2 2023,mixed,0.8104,0.3059,0.0267,0.0,0.3516,0.10880000000000001,0.5488,0.3781,0.1294,0.9335,1.0,0.0,0.8041,0.9192,0.0,0.87568,0.14064000000000002
0.9442,0.025,0.0308,0.9192,0.6112,positive,AAPL,2023-04-01,Q2 2023,mixed,0.8104,0.3059,0.0267,0.0,0.3516,0.10880000000000001,0.0484,0.7745,-0.9627,0.9187,0.6667,0.3333,1.8814,0.9192,0.0,0.87568,0.14064000000000002
0.9499,0.0124,0.0377,0.9376,0.6169,positive,AAPL,2023-07-01,Q3 2023,positive,0.981,0.6946,0.0,0.0638,0.1705999999999999,-0.043399999999999994,0.9235,0.0192,0.892,0.9453,1.0,0.0,0.0533,0.9192,0.018399999999999972,0.95496,0.07927999999999993
0.9499,0.0124,0.0377,0.9376,0.6169,positive,AAPL,2023-07-01,Q3 2023,positive,0.981,0.6946,0.0,0.0638,0.1705999999999999,-0.043399999999999994,0.2524,0.7682,-0.9601,0.9183,0.75,0.25,1.8784,0.9376,0.0,0.95496,0.06823999999999995
0.9499,0.0124,0.0377,0.9376,0.6169,positive,AAPL,2023-07-01,Q3 2023,positive,0.981,0.6946,0.0,0.0638,0.1705999999999999,-0.043399999999999994,0.8995,0.0672,0.7653,0.9371,1.0,0.0,0.1718,0.9376,0.0,0.95496,0.06823999999999995
0.9499,0.0124,0.0377,0.9376,0.6169,positive,AAPL,2023-07-01,Q3 2023,positive,0.981,0.6946,0.0,0.0638,0.1705999999999999,-0.043399999999999994,0.6685,0.2575,0.3442,0.9317,1.0,0.0,0.5875,0.9376,0.0,0.95496,0.06823999999999995
0.9499,0.0124,0.0377,0.9376,0.6169,positive,AAPL,2023-07-01,Q3 2023,positive,0.981,0.6946,0.0,0.0638,0.1705999999999999,-0.043399999999999994,0.2907,0.7253,-0.9002,0.8896,0.75,0.25,1.7898,0.9376,0.0,0.95496,0.06823999999999995
0.95,0.0124,0.0376,0.9377,0.617,positive,AAPL,2023-10-01,Q4 2023,positive,0.981,0.6946,0.0,0.0638,0.0,-0.043300000000000005,0.9235,0.0192,0.892,0.9453,1.0,0.0,0.0533,0.9376,9.999999999998899e-05,0.95502,5.999999999999339e-05
0.95,0.0124,0.0376,0.9377,0.617,positive,AAPL,2023-10-01,Q4 2023,positive,0.981,0.6946,0.0,0.0638,0.0,-0.043300000000000005,0.9323,0.0064,0.9219,0.9379,1.0,0.0,0.016,0.9377,0.0,0.95502,0.0
0.95,0.0124,0.0376,0.9377,0.617,positive,AAPL,2023-10-01,Q4 2023,positive,0.981,0.6946,0.0,0.0638,0.0,-0.043300000000000005,0.1508,0.7341,-0.9623,0.8327,0.5,0.25,1.795,0.9377,0.0,0.95502,0.0
0.95,0.0124,0.0376,0.9377,0.617,positive,AAPL,2023-10-01,Q4 2023,positive,0.981,0.6946,0.0,0.0638,0.0,-0.043300000000000005,0.6686,0.2575,0.3442,0.9318,1.0,0.0,0.5876,0.9377,0.0,0.95502,0.0
0.95,0.0124,0.0376,0.9377,0.617,positive,AAPL,2023-10-01,Q4 2023,positive,0.981,0.6946,0.0,0.0638,0.0,-0.043300000000000005,0.0484,0.7745,-0.9626,0.9187,0.6667,0.3333,1.8813,0.9377,0.0,0.95502,0.0
0.9501,0.0124,0.0375,0.9377,0.6171,positive,AAPL,2024-01-01,Q1 2024,positive,0.981,0.6946,0.0,0.0638,0.0,-0.043300000000000005,0.9235,0.0192,0.892,0.9453,1.0,0.0,0.0533,0.9377,0.0,0.95502,0.0
0.9501,0.0124,0.0375,0.9377,0.6171,positive,AAPL,2024-01-01,Q1 2024,positive,0.981,0.6946,0.0,0.0638,0.0,-0.043300000000000005,0.9323,0.0064,0.9219,0.9381,1.0,0.0,0.0162,0.9377,0.0,0.95502,0.0
0.9501,0.0124,0.0375,0.9377,0.6171,positive,AAPL,2024-01-01,Q1 2024,positive,0.981,0.6946,0.0,0.0638,0.0,-0.043300000000000005,0.3476,0.7021,-0.807,0.9325,0.75,0.25,1.7395,0.9377,0.0,0.95502,0.0
0.9501,0.0124,0.0375,0.9377,0.6171,positive,AAPL,2024-01-01,Q1 2024,positive,0.981,0.6946,0.0,0.0638,0.0,-0.043300000000000005,0.6686,0.2575,0.3442,0.9318,1.0,0.0,0.5876,0.9377,0.0,0.95502,0.0
0.9501,0.0124,0.0375,0.9377,0.6171,positive,AAPL,2024-01-01,Q1 2024,positive,0.981,0.6946,0.0,0.0638,0.0,-0.043300000000000005,0.0483,0.7745,-0.9628,0.9187,0.6667,0.3333,1.8815,0.9377,0.0,0.95502,0.0
0.9499,0.0124,0.0377,0.9376,0.6169,positive,AAPL,2024-04-01,Q2 2024,positive,0.981,0.6946,0.0,0.0638,0.0,-0.043399999999999994,0.9235,0.0192,0.892,0.9453,1.0,0.0,0.0533,0.9377,-9.999999999998899e-05,0.95496,-5.999999999999339e-05
0.9499,0.0124,0.0377,0.9376,0.6169,positive,AAPL,2024-04-01,Q2 2024,positive,0.981,0.6946,0.0,0.0638,0.0,-0.043399999999999994,0.2525,0.7683,-0.9601,0.9187,0.75,0.25,1.8788,0.9376,0.0,0.95496,0.0
0.9499,0.0124,0.0377,0.9376,0.6169,positive,AAPL,2024-04-01,Q2 2024,positive,0.981,0.6946,0.0,0.0638,0.0,-0.043399999999999994,0.1457,0.7356,-0.9623,0.8327,0.5,0.25,1.795,0.9376,0.0,0.95496,0.0
0.9499,0.0124,0.0377,0.9376,0.6169,positive,AAPL,2024-04-01,Q2 2024,positive,0.981,0.6946,0.0,0.0638,0.0,-0.043399999999999994,0.6685,0.2574,0.3442,0.9315,1.0,0.0,0.5873,0.9376,0.0,0.95496,0.0
0.9499,0.0124,0.0377,0.9376,0.6169,positive,AAPL,2024-04-01,Q2 2024,positive,0.981,0.6946,0.0,0.0638,0.0,-0.043399999999999994,0.2909,0.7254,-0.9002,0.8903,0.75,0.25,1.7905,0.9376,0.0,0.95496,0.0
0.9499,0.0123,0.0378,0.9376,0.6169,positive,AAPL,2024-07-01,Q3 2024,positive,0.981,0.6946,0.0,0.0638,0.0,-0.043399999999999994,0.9235,0.0192,0.892,0.9453,1.0,0.0,0.0533,0.9376,0.0,0.95496,0.0
0.9499,0.0123,0.0378,0.9376,0.6169,positive,AAPL,2024-07-01,Q3 2024,positive,0.981,0.6946,0.0,0.0638,0.0,-0.043399999999999994,0.252,0.7679,-0.9601,0.9171,0.75,0.25,1.8772,0.9376,0.0,0.95496,0.0
0.9499,0.0123,0.0378,0.9376,0.6169,positive,AAPL,2024-07-01,Q3 2024,positive,0.981,0.6946,0.0,0.0638,0.0,-0.043399999999999994,0.8995,0.0672,0.7653,0.9371,1.0,0.0,0.1718,0.9376,0.0,0.95496,0.0
0.9499,0.0123,0.0378,0.9376,0.6169,positive,AAPL,2024-07-01,Q3 2024,positive,0.981,0.6946,0.0,0.0638,0.0,-0.043399999999999994,0.6685,0.2574,0.3442,0.9315,1.0,0.0,0.5873,0.9376,0.0,0.95496,0.0
0.9499,0.0123,0.0378,0.9376,0.6169,positive,AAPL,2024-07-01,Q3 2024,positive,0.981,0.6946,0.0,0.0638,0.0,-0.043399999999999994,0.0484,0.7745,-0.9626,0.9187,0.6667,0.3333,1.8813,0.9376,0.0,0.95496,0.0
0.95,0.0124,0.0377,0.9376,0.617,positive,AAPL,2024-10-01,Q4 2024,positive,0.981,0.6946,0.0,0.0638,0.0,-0.043399999999999994,0.9235,0.0192,0.892,0.9453,1.0,0.0,0.0533,0.9376,0.0,0.95496,0.0
0.95,0.0124,0.0377,0.9376,0.617,positive,AAPL,2024-10-01,Q4 2024,positive,0.981,0.6946,0.0,0.0638,0.0,-0.043399999999999994,0.2521,0.768,-0.9601,0.9173,0.75,0.25,1.8774,0.9376,0.0,0.95496,0.0
0.95,0.0124,0.0377,0.9376,0.617,positive,AAPL,2024-10-01,Q4 2024,positive,0.981,0.6946,0.0,0.0638,0.0,-0.043399999999999994,0.8995,0.0672,0.7653,0.9371,1.0,0.0,0.1718,0.9376,0.0,0.95496,0.0
0.95,0.0124,0.0377,0.9376,0.617,positive,AAPL,2024-10-01,Q4 2024,positive,0.981,0.6946,0.0,0.0638,0.0,-0.043399999999999994,0.6685,0.2574,0.3442,0.9315,1.0,0.0,0.5873,0.9376,0.0,0.95496,0.0
0.95,0.0124,0.0377,0.9376,0.617,positive,AAPL,2024-10-01,Q4 2024,positive,0.981,0.6946,0.0,0.0638,0.0,-0.043399999999999994,0.8298,0.1996,0.4308,0.9364,1.0,0.0,0.5056,0.9376,0.0,0.95496,0.0
0.9544,0.0139,0.0317,0.9404,0.6214,positive,JPM,2020-04-01,Q2 2020,positive,0.9769,0.6798,0.0,0.0366,,-0.03649999999999998,0.9235,0.0192,0.892,0.9453,1.0,0.0,0.0533,,,0.955,0.0
0.9544,0.0139,0.0317,0.9404,0.6214,positive,JPM,2020-04-01,Q2 2020,positive,0.9769,0.6798,0.0,0.0366,,-0.03649999999999998,0.9324,0.0065,0.9219,0.9383,1.0,0.0,0.0164,0.9404,0.0,0.955,0.0
0.9544,0.0139,0.0317,0.9404,0.6214,positive,JPM,2020-04-01,Q2 2020,positive,0.9769,0.6798,0.0,0.0366,,-0.03649999999999998,0.8997,0.0673,0.7653,0.9371,1.0,0.0,0.1718,0.9404,0.0,0.955,0.0
0.9544,0.0139,0.0317,0.9404,0.6214,positive,JPM,2020-04-01,Q2 2020,positive,0.9769,0.6798,0.0,0.0366,,-0.03649999999999998,0.5491,0.3784,0.1294,0.9346,1.0,0.0,0.8052,0.9404,0.0,0.955,0.0
0.9544,0.0139,0.0317,0.9404,0.6214,positive,JPM,2020-04-01,Q2 2020,positive,0.9769,0.6798,0.0,0.0366,,-0.03649999999999998,0.2902,0.7248,-0.9002,0.8874,0.75,0.25,1.7876,0.9404,0.0,0.955,0.0
0.9544,0.0139,0.0317,0.9405,0.6214,positive,JPM,2020-07-01,Q3 2020,positive,0.9769,0.6798,0.0,0.0366,0.0,-0.03639999999999999,0.1059,0.6452,-0.9577,0.7054,0.75,0.25,1.6631,0.9404,9.999999999998899e-05,0.95506,5.999999999999339e-05
0.9544,0.0139,0.0317,0.9405,0.6214,positive,JPM,2020-07-01,Q3 2020,positive,0.9769,0.6798,0.0,0.0366,0.0,-0.03639999999999999,0.9324,0.0065,0.9219,0.9384,1.0,0.0,0.0165,0.9405,0.0,0.95506,0.0
0.9544,0.0139,0.0317,0.9405,0.6214,positive,JPM,2020-07-01,Q3 2020,positive,0.9769,0.6798,0.0,0.0366,0.0,-0.03639999999999999,0.1512,0.734,-0.9623,0.8327,0.5,0.25,1.795,0.9405,0.0,0.95506,0.0
0.9544,0.0139,0.0317,0.9405,0.6214,positive,JPM,2020-07-01,Q3 2020,positive,0.9769,0.6798,0.0,0.0366,0.0,-0.03639999999999999,0.6686,0.2575,0.3442,0.9318,1.0,0.0,0.5876,0.9405,0.0,0.95506,0.0
0.9544,0.0139,0.0317,0.9405,0.6214,positive,JPM,2020-07-01,Q3 2020,positive,0.9769,0.6798,0.0,0.0366,0.0,-0.03639999999999999,0.8298,0.1996,0.4308,0.9364,1.0,0.0,0.5056,0.9405,0.0,0.95506,0.0
0.9545,0.0139,0.0316,0.9406,0.6215,positive,JPM,2020-10-01,Q4 2020,positive,0.9769,0.6798,0.0,0.0366,0.0,-0.0363,0.1702,0.7726,-0.8296,0.9245,0.5,0.5,1.7541,0.9405,9.999999999998899e-05,0.95512,5.999999999999339e-05
0.9545,0.0139,0.0316,0.9406,0.6215,positive,JPM,2020-10-01,Q4 2020,positive,0.9769,0.6798,0.0,0.0366,0.0,-0.0363,0.9324,0.0065,0.9219,0.9385,1.0,0.0,0.0166,0.9406,0.0,0.95512,0.0
0.9545,0.0139,0.0316,0.9406,0.6215,positive,JPM,2020-10-01,Q4 2020,positive,0.9769,0.6798,0.0,0.0366,0.0,-0.0363,0.8998,0.0673,0.7653,0.9371,1.0,0.0,0.1718,0.9406,0.0,0.95512,0.0
0.9545,0.0139,0.0316,0.9406,0.6215,positive,JPM,2020-10-01,Q4 2020,positive,0.9769,0.6798,0.0,0.0366,0.0,-0.0363,0.6686,0.2575,0.3442,0.9319,1.0,0.0,0.5877,0.9406,0.0,0.95512,0.0
0.9545,0.0139,0.0316,0.9406,0.6215,positive,JPM,2020-10-01,Q4 2020,positive,0.9769,0.6798,0.0,0.0366,0.0,-0.0363,0.8298,0.1996,0.4308,0.9364,1.0,0.0,0.5056,0.9406,0.0,0.95512,0.0
0.9547,0.0144,0.0309,0.9403,0.6217,positive,JPM,2021-01-01,Q1 2021,positive,0.9769,0.6798,0.0,0.0366,0.0,-0.036599999999999966,0.1619,0.7834,-0.8628,0.9245,0.5,0.5,1.7873,0.9406,-0.00029999999999996696,0.95494,-0.00017999999999998017
0.9547,0.0144,0.0309,0.9403,0.6217,positive,JPM,2021-01-01,Q1 2021,positive,0.9769,0.6798,0.0,0.0366,0.0,-0.036599999999999966,0.9324,0.0065,0.9219,0.9383,1.0,0.0,0.0164,0.9403,0.0,0.95494,0.0
0.9547,0.0144,0.0309,0.9403,0.6217,positive,JPM,2021-01-01,Q1 2021,positive,0.9769,0.6798,0.0,0.0366,0.0,-0.036599999999999966,0.8995,0.0672,0.7653,0.9371,1.0,0.0,0.1718,0.9403,0.0,0.95494,0.0
0.9547,0.0144,0.0309,0.9403,0.6217,positive,JPM,2021-01-01,Q1 2021,positive,0.9769,0.6798,0.0,0.0366,0.0,-0.036599999999999966,0.6687,0.2576,0.3442,0.9323,1.0,0.0,0.5881,0.9403,0.0,0.95494,0.0
0.9547,0.0144,0.0309,0.9403,0.6217,positive,JPM,2021-01-01,Q1 2021,positive,0.9769,0.6798,0.0,0.0366,0.0,-0.036599999999999966,0.8297,0.1995,0.4308,0.9364,1.0,0.0,0.5056,0.9403,0.0,0.95494,0.0
0.9544,0.0143,0.0313,0.9401,0.6214,positive,JPM,2021-04-01,Q2 2021,positive,0.9769,0.6798,0.0,0.0366,0.0,-0.036799999999999944,0.9234,0.0191,0.892,0.9453,1.0,0.0,0.0533,0.9403,-0.00019999999999997797,0.95482,-0.00011999999999998678
0.9544,0.0143,0.0313,0.9401,0.6214,positive,JPM,2021-04-01,Q2 2021,positive,0.9769,0.6798,0.0,0.0366,0.0,-0.036799999999999944,0.9324,0.0064,0.9219,0.9382,1.0,0.0,0.0163,0.9401,0.0,0.95482,0.0
0.9544,0.0143,0.0313,0.9401,0.6214,positive,JPM,2021-04-01,Q2 2021,positive,0.9769,0.6798,0.0,0.0366,0.0,-0.036799999999999944,0.8995,0.0672,0.7653,0.9371,1.0,0.0,0.1718,0.9401,0.0,0.95482,0.0
0.9544,0.0143,0.0313,0.9401,0.6214,positive,JPM,2021-04-01,Q2 2021,positive,0.9769,0.6798,0.0,0.0366,0.0,-0.036799999999999944,0.5489,0.3782,0.1294,0.9338,1.0,0.0,0.8044,0.9401,0.0,0.95482,0.0
0.9544,0.0143,0.0313,0.9401,0.6214,positive,JPM,2021-04-01,Q2 2021,positive,0.9769,0.6798,0.0,0.0366,0.0,-0.036799999999999944,0.8296,0.1995,0.4308,0.9364,1.0,0.0,0.5056,0.9401,0.0,0.95482,0.0
0.6519,0.1124,0.2358,0.5395,0.3189,positive,JPM,2021-07-01,Q3 2021,mixed,0.4019,0.0761,0.0417,-0.0417,-0.575,0.1376,0.9234,0.0191,0.892,0.9453,1.0,0.0,0.0533,0.9401,-0.40060000000000007,0.48446,-0.47036
0.6519,0.1124,0.2358,0.5395,0.3189,positive,JPM,2021-07-01,Q3 2021,mixed,0.4019,0.0761,0.0417,-0.0417,-0.575,0.1376,0.2528,0.7686,-0.9601,0.9203,0.75,0.25,1.8804,0.5395,0.0,0.48446,-0.22999999999999998
0.6519,0.1124,0.2358,0.5395,0.3189,positive,JPM,2021-07-01,Q3 2021,mixed,0.4019,0.0761,0.0417,-0.0417,-0.575,0.1376,0.8996,0.0672,0.7653,0.9371,1.0,0.0,0.1718,0.5395,0.0,0.48446,-0.22999999999999998
0.6519,0.1124,0.2358,0.5395,0.3189,positive,JPM,2021-07-01,Q3 2021,mixed,0.4019,0.0761,0.0417,-0.0417,-0.575,0.1376,0.549,0.3782,0.1294,0.934,1.0,0.0,0.8046,0.5395,0.0,0.48446,-0.22999999999999998
0.6519,0.1124,0.2358,0.5395,0.3189,positive,JPM,2021-07-01,Q3 2021,mixed,0.4019,0.0761,0.0417,-0.0417,-0.575,0.1376,0.0484,0.7744,-0.9625,0.9187,0.6667,0.3333,1.8812,0.5395,0.0,0.48446,-0.22999999999999998
0.9546,0.0143,0.0311,0.9403,0.6216,positive,JPM,2021-10-01,Q4 2021,positive,0.9769,0.6798,0.0,0.0366,0.575,-0.036599999999999966,0.9234,0.0191,0.892,0.9453,1.0,0.0,0.0533,0.5395,0.40080000000000005,0.95494,0.47048
0.9546,0.0143,0.0311,0.9403,0.6216,positive,JPM,2021-10-01,Q4 2021,positive,0.9769,0.6798,0.0,0.0366,0.575,-0.036599999999999966,0.9324,0.0065,0.9219,0.9383,1.0,0.0,0.0164,0.9403,0.0,0.95494,0.22999999999999998
0.9546,0.0143,0.0311,0.9403,0.6216,positive,JPM,2021-10-01,Q4 2021,positive,0.9769,0.6798,0.0,0.0366,0.575,-0.036599999999999966,0.1558,0.7328,-0.9623,0.8327,0.5,0.25,1.795,0.9403,0.0,0.95494,0.22999999999999998
0.9546,0.0143,0.0311,0.9403,0.6216,positive,JPM,2021-10-01,Q4 2021,positive,0.9769,0.6798,0.0,0.0366,0.575,-0.036599999999999966,0.6687,0.2576,0.3442,0.9324,1.0,0.0,0.5882,0.9403,0.0,0.95494,0.22999999999999998
0.9546,0.0143,0.0311,0.9403,0.6216,positive,JPM,2021-10-01,Q4 2021,positive,0.9769,0.6798,0.0,0.0366,0.575,-0.036599999999999966,0.8297,0.1996,0.4308,0.9364,1.0,0.0,0.5056,0.9403,0.0,0.95494,0.22999999999999998
0.9549,0.0144,0.0307,0.9406,0.6219,positive,JPM,2022-01-01,Q1 2022,positive,0.9769,0.6798,0.0,0.0366,0.0,-0.0363,0.1629,0.7821,-0.8587,0.9245,0.5,0.5,1.7832,0.9403,0.00029999999999996696,0.95512,0.00017999999999998017
0.9549,0.0144,0.0307,0.9406,0.6219,positive,JPM,2022-01-01,Q1 2022,positive,0.9769,0.6798,0.0,0.0366,0.0,-0.0363,0.9323,0.0064,0.9219,0.938,1.0,0.0,0.0161,0.9406,0.0,0.95512,0.0
0.9549,0.0144,0.0307,0.9406,0.6219,positive,JPM,2022-01-01,Q1 2022,positive,0.9769,0.6798,0.0,0.0366,0.0,-0.0363,0.8995,0.0671,0.7653,0.9371,1.0,0.0,0.1718,0.9406,0.0,0.95512,0.0
0.9549,0.0144,0.0307,0.9406,0.6219,positive,JPM,2022-01-01,Q1 2022,positive,0.9769,0.6798,0.0,0.0366,0.0,-0.0363,0.6686,0.2575,0.3442,0.9319,1.0,0.0,0.5877,0.9406,0.0,0.95512,0.0
0.9549,0.0144,0.0307,0.9406,0.6219,positive,JPM,2022-01-01,Q1 2022,positive,0.9769,0.6798,0.0,0.0366,0.0,-0.0363,0.2911,0.7255,-0.9002,0.891,0.75,0.25,1.7912,0.9406,0.0,0.95512,0.0
0.662,0.1147,0.2233,0.5472,0.329,positive,JPM,2022-04-01,Q2 2022,mixed,0.4019,0.0761,0.0417,-0.0417,-0.575,0.14530000000000004,0.1638,0.7809,-0.8552,0.9245,0.5,0.5,1.7797,0.9406,-0.39339999999999997,0.48908,-0.46603999999999995
0.662,0.1147,0.2233,0.5472,0.329,positive,JPM,2022-04-01,Q2 2022,mixed,0.4019,0.0761,0.0417,-0.0417,-0.575,0.14530000000000004,0.2526,0.7684,-0.9601,0.9192,0.75,0.25,1.8793,0.5472,0.0,0.48908,-0.22999999999999998
0.662,0.1147,0.2233,0.5472,0.329,positive,JPM,2022-04-01,Q2 2022,mixed,0.4019,0.0761,0.0417,-0.0417,-0.575,0.14530000000000004,0.8994,0.0671,0.7653,0.9371,1.0,0.0,0.1718,0.5472,0.0,0.48908,-0.22999999999999998
0.662,0.1147,0.2233,0.5472,0.329,positive,JPM,2022-04-01,Q2 2022,mixed,0.4019,0.0761,0.0417,-0.0417,-0.575,0.14530000000000004,0.6685,0.2574,0.3442,0.9316,1.0,0.0,0.5874,0.5472,0.0,0.48908,-0.22999999999999998
0.662,0.1147,0.2233,0.5472,0.329,positive,JPM,2022-04-01,Q2 2022,mixed,0.4019,0.0761,0.0417,-0.0417,-0.575,0.14530000000000004,0.8297,0.1996,0.4308,0.9364,1.0,0.0,0.5056,0.5472,0.0,0.48908,-0.22999999999999998
0.9546,0.0143,0.0311,0.9404,0.6216,positive,JPM,2022-07-01,Q3 2022,positive,0.9769,0.6798,0.0,0.0366,0.575,-0.03649999999999998,0.1631,0.7818,-0.8579,0.9245,0.5,0.5,1.7824,0.5472,0.3932,0.955,0.46592
0.9546,0.0143,0.0311,0.9404,0.6216,positive,JPM,2022-07-01,Q3 2022,positive,0.9769,0.6798,0.0,0.0366,0.575,-0.03649999999999998,0.9323,0.0064,0.9219,0.9379,1.0,0.0,0.016,0.9404,0.0,0.955,0.22999999999999998
0.9546,0.0143,0.0311,0.9404,0.6216,positive,JPM,2022-07-01,Q3 2022,positive,0.9769,0.6798,0.0,0.0366,0.575,-0.03649999999999998,0.1388,0.7378,-0.9623,0.8327,0.5,0.5,1.795,0.9404,0.0,0.955,0.22999999999999998
0.9546,0.0143,0.0311,0.9404,0.6216,positive,JPM,2022-07-01,Q3 2022,positive,0.9769,0.6798,0.0,0.0366,0.575,-0.03649999999999998,0.6685,0.2574,0.3442,0.9316,1.0,0.0,0.5874,0.9404,0.0,0.955,0.22999999999999998
0.9546,0.0143,0.0311,0.9404,0.6216,positive,JPM,2022-07-01,Q3 2022,positive,0.9769,0.6798,0.0,0.0366,0.575,-0.03649999999999998,0.2904,0.725,-0.9002,0.8882,0.75,0.25,1.7884,0.9404,0.0,0.955,0.22999999999999998
0.6736,0.2492,0.0773,0.4244,0.3406,positive,JPM,2022-10-01,Q4 2022,cautious,0.8979,0.4186,0.0141,-0.0141,-0.0789999999999999,-0.47350000000000003,0.9235,0.0192,0.892,0.9453,1.0,0.0,0.0533,0.9404,-0.516,0.6138,-0.34119999999999995
0.6736,0.2492,0.0773,0.4244,0.3406,positive,JPM,2022-10-01,Q4 2022,cautious,0.8979,0.4186,0.0141,-0.0141,-0.0789999999999999,-0.47350000000000003,0.3963,0.4733,-0.2498,0.9064,0.75,0.25,1.1562,0.4244,0.0,0.6138,-0.03159999999999996
0.6736,0.2492,0.0773,0.4244,0.3406,positive,JPM,2022-10-01,Q4 2022,cautious,0.8979,0.4186,0.0141,-0.0141,-0.0789999999999999,-0.47350000000000003,0.8995,0.0672,0.7653,0.9371,1.0,0.0,0.1718,0.4244,0.0,0.6138,-0.03159999999999996
0.6736,0.2492,0.0773,0.4244,0.3406,positive,JPM,2022-10-01,Q4 2022,cautious,0.8979,0.4186,0.0141,-0.0141,-0.0789999999999999,-0.47350000000000003,0.5489,0.3782,0.1294,0.9339,1.0,0.0,0.8045,0.4244,0.0,0.6138,-0.03159999999999996
0.6736,0.2492,0.0773,0.4244,0.3406,positive,JPM,2022-10-01,Q4 2022,cautious,0.8979,0.4186,0.0141,-0.0141,-0.0789999999999999,-0.47350000000000003,0.2906,0.7251,-0.9002,0.8891,0.75,0.25,1.7893,0.4244,0.0,0.6138,-0.03159999999999996
0.955,0.0144,0.0306,0.9406,0.622,positive,JPM,2023-01-01,Q1 2023,positive,0.9769,0.6798,0.0,0.0366,0.0789999999999999,-0.0363,0.0759,0.6277,-0.9577,0.7054,0.75,0.25,1.6631,0.4244,0.5162,0.95512,0.34131999999999996
0.955,0.0144,0.0306,0.9406,0.622,positive,JPM,2023-01-01,Q1 2023,positive,0.9769,0.6798,0.0,0.0366,0.0789999999999999,-0.0363,0.9323,0.0064,0.9219,0.9381,1.0,0.0,0.0162,0.9406,0.0,0.95512,0.03159999999999996
0.955,0.0144,0.0306,0.9406,0.622,positive,JPM,2023-01-01,Q1 2023,positive,0.9769,0.6798,0.0,0.0366,0.0789999999999999,-0.0363,0.8995,0.0671,0.7653,0.9371,1.0,0.0,0.1718,0.9406,0.0,0.95512,0.03159999999999996
0.955,0.0144,0.0306,0.9406,0.622,positive,JPM,2023-01-01,Q1 2023,positive,0.9769,0.6798,0.0,0.0366,0.0789999999999999,-0.0363,0.6686,0.2575,0.3442,0.932,1.0,0.0,0.5878,0.9406,0.0,0.95512,0.03159999999999996
0.955,0.0144,0.0306,0.9406,0.622,positive,JPM,2023-01-01,Q1 2023,positive,0.9769,0.6798,0.0,0.0366,0.0789999999999999,-0.0363,0.8298,0.1996,0.4308,0.9364,1.0,0.0,0.5056,0.9406,0.0,0.95512,0.03159999999999996
0.6724,0.2502,0.0774,0.4221,0.3394,positive,JPM,2023-04-01,Q2 2023,cautious,0.8979,0.4186,0.0141,-0.0141,-0.0789999999999999,-0.47580000000000006,0.1653,0.7789,-0.849,0.9245,0.5,0.5,1.7735,0.9406,-0.5185,0.61242,-0.34269999999999995
0.6724,0.2502,0.0774,0.4221,0.3394,positive,JPM,2023-04-01,Q2 2023,cautious,0.8979,0.4186,0.0141,-0.0141,-0.0789999999999999,-0.47580000000000006,0.3956,0.4737,-0.2498,0.9064,0.75,0.25,1.1562,0.4221,0.0,0.61242,-0.03159999999999996
0.6724,0.2502,0.0774,0.4221,0.3394,positive,JPM,2023-04-01,Q2 2023,cautious,0.8979,0.4186,0.0141,-0.0141,-0.0789999999999999,-0.47580000000000006,0.8995,0.0671,0.7653,0.9371,1.0,0.0,0.1718,0.4221,0.0,0.61242,-0.03159999999999996
0.6724,0.2502,0.0774,0.4221,0.3394,positive,JPM,2023-04-01,Q2 2023,cautious,0.8979,0.4186,0.0141,-0.0141,-0.0789999999999999,-0.47580000000000006,0.5488,0.3781,0.1294,0.9335,1.0,0.0,0.8041,0.4221,0.0,0.61242,-0.03159999999999996
0.6724,0.2502,0.0774,0.4221,0.3394,positive,JPM,2023-04-01,Q2 2023,cautious,0.8979,0.4186,0.0141,-0.0141,-0.0789999999999999,-0.47580000000000006,0.0484,0.7745,-0.9627,0.9187,0.6667,0.3333,1.8814,0.4221,0.0,0.61242,-0.03159999999999996
0.6604,0.1168,0.2228,0.5436,0.3274,positive,JPM,2023-07-01,Q3 2023,mixed,0.4019,0.0761,0.0417,-0.0417,-0.496,0.1417,0.9235,0.0192,0.892,0.9453,1.0,0.0,0.0533,0.4221,0.1215,0.48691999999999996,-0.12550000000000003
0.6604,0.1168,0.2228,0.5436,0.3274,positive,JPM,2023-07-01,Q3 2023,mixed,0.4019,0.0761,0.0417,-0.0417,-0.496,0.1417,0.2524,0.7682,-0.9601,0.9183,0.75,0.25,1.8784,0.5436,0.0,0.48691999999999996,-0.19840000000000002
0.6604,0.1168,0.2228,0.5436,0.3274,positive,JPM,2023-07-01,Q3 2023,mixed,0.4019,0.0761,0.0417,-0.0417,-0.496,0.1417,0.8995,0.0672,0.7653,0.9371,1.0,0.0,0.1718,0.5436,0.0,0.48691999999999996,-0.19840000000000002
0.6604,0.1168,0.2228,0.5436,0.3274,positive,JPM,2023-07-01,Q3 2023,mixed,0.4019,0.0761,0.0417,-0.0417,-0.496,0.1417,0.6685,0.2575,0.3442,0.9317,1.0,0.0,0.5875,0.5436,0.0,0.48691999999999996,-0.19840000000000002
0.6604,0.1168,0.2228,0.5436,0.3274,positive,JPM,2023-07-01,Q3 2023,mixed,0.4019,0.0761,0.0417,-0.0417,-0.496,0.1417,0.2907,0.7253,-0.9002,0.8896,0.75,0.25,1.7898,0.5436,0.0,0.48691999999999996,-0.19840000000000002
0.9548,0.0143,0.0309,0.9405,0.6218,positive,JPM,2023-10-01,Q4 2023,positive,0.9769,0.6798,0.0,0.0366,0.575,-0.03639999999999999,0.9235,0.0192,0.892,0.9453,1.0,0.0,0.0533,0.5436,0.39690000000000003,0.95506,0.46814
0.9548,0.0143,0.0309,0.9405,0.6218,positive,JPM,2023-10-01,Q4 2023,positive,0.9769,0.6798,0.0,0.0366,0.575,-0.03639999999999999,0.9323,0.0064,0.9219,0.9379,1.0,0.0,0.016,0.9405,0.0,0.95506,0.22999999999999998
0.9548,0.0143,0.0309,0.9405,0.6218,positive,JPM,2023-10-01,Q4 2023,positive,0.9769,0.6798,0.0,0.0366,0.575,-0.03639999999999999,0.1508,0.7341,-0.9623,0.8327,0.5,0.25,1.795,0.9405,0.0,0.95506,0.22999999999999998
0.9548,0.0143,0.0309,0.9405,0.6218,positive,JPM,2023-10-01,Q4 2023,positive,0.9769,0.6798,0.0,0.0366,0.575,-0.03639999999999999,0.6686,0.2575,0.3442,0.9318,1.0,0.0,0.5876,0.9405,0.0,0.95506,0.22999999999999998
0.9548,0.0143,0.0309,0.9405,0.6218,positive,JPM,2023-10-01,Q4 2023,positive,0.9769,0.6798,0.0,0.0366,0.575,-0.03639999999999999,0.0484,0.7745,-0.9626,0.9187,0.6667,0.3333,1.8813,0.9405,0.0,0.95506,0.22999999999999998
0.955,0.0144,0.0307,0.9406,0.622,positive,JPM,2024-01-01,Q1 2024,positive,0.9769,0.6798,0.0,0.0366,0.0,-0.0363,0.9235,0.0192,0.892,0.9453,1.0,0.0,0.0533,0.9405,9.999999999998899e-05,0.95512,5.999999999999339e-05
0.955,0.0144,0.0307,0.9406,0.622,positive,JPM,2024-01-01,Q1 2024,positive,0.9769,0.6798,0.0,0.0366,0.0,-0.0363,0.9323,0.0064,0.9219,0.9381,1.0,0.0,0.0162,0.9406,0.0,0.95512,0.0
0.955,0.0144,0.0307,0.9406,0.622,positive,JPM,2024-01-01,Q1 2024,positive,0.9769,0.6798,0.0,0.0366,0.0,-0.0363,0.3476,0.7021,-0.807,0.9325,0.75,0.25,1.7395,0.9406,0.0,0.95512,0.0
0.955,0.0144,0.0307,0.9406,0.622,positive,JPM,2024-01-01,Q1 2024,positive,0.9769,0.6798,0.0,0.0366,0.0,-0.0363,0.6686,0.2575,0.3442,0.9318,1.0,0.0,0.5876,0.9406,0.0,0.95512,0.0
0.955,0.0144,0.0307,0.9406,0.622,positive,JPM,2024-01-01,Q1 2024,positive,0.9769,0.6798,0.0,0.0366,0.0,-0.0363,0.0483,0.7745,-0.9628,0.9187,0.6667,0.3333,1.8815,0.9406,0.0,0.95512,0.0
0.661,0.1162,0.2227,0.5448,0.328,positive,JPM,2024-04-01,Q2 2024,mixed,0.4019,0.0761,0.0417,-0.0417,-0.575,0.14289999999999997,0.9235,0.0192,0.892,0.9453,1.0,0.0,0.0533,0.9406,-0.39580000000000004,0.48763999999999996,-0.46748
0.661,0.1162,0.2227,0.5448,0.328,positive,JPM,2024-04-01,Q2 2024,mixed,0.4019,0.0761,0.0417,-0.0417,-0.575,0.14289999999999997,0.2525,0.7683,-0.9601,0.9187,0.75,0.25,1.8788,0.5448,0.0,0.48763999999999996,-0.22999999999999998
0.661,0.1162,0.2227,0.5448,0.328,positive,JPM,2024-04-01,Q2 2024,mixed,0.4019,0.0761,0.0417,-0.0417,-0.575,0.14289999999999997,0.1457,0.7356,-0.9623,0.8327,0.5,0.25,1.795,0.5448,0.0,0.48763999999999996,-0.22999999999999998
0.661,0.1162,0.2227,0.5448,0.328,positive,JPM,2024-04-01,Q2 2024,mixed,0.4019,0.0761,0.0417,-0.0417,-0.575,0.14289999999999997,0.6685,0.2574,0.3442,0.9315,1.0,0.0,0.5873,0.5448,0.0,0.48763999999999996,-0.22999999999999998
0.661,0.1162,0.2227,0.5448,0.328,positive,JPM,2024-04-01,Q2 2024,mixed,0.4019,0.0761,0.0417,-0.0417,-0.575,0.14289999999999997,0.2909,0.7254,-0.9002,0.8903,0.75,0.25,1.7905,0.5448,0.0,0.48763999999999996,-0.22999999999999998
0.6595,0.1151,0.2254,0.5443,0.3265,positive,JPM,2024-07-01,Q3 2024,mixed,0.4019,0.0761,0.0417,-0.0417,0.0,0.14240000000000003,0.9235,0.0192,0.892,0.9453,1.0,0.0,0.0533,0.5448,-0.0004999999999999449,0.48734,-0.00029999999999996696
0.6595,0.1151,0.2254,0.5443,0.3265,positive,JPM,2024-07-01,Q3 2024,mixed,0.4019,0.0761,0.0417,-0.0417,0.0,0.14240000000000003,0.252,0.7679,-0.9601,0.9171,0.75,0.25,1.8772,0.5443,0.0,0.48734,0.0
0.6595,0.1151,0.2254,0.5443,0.3265,positive,JPM,2024-07-01,Q3 2024,mixed,0.4019,0.0761,0.0417,-0.0417,0.0,0.14240000000000003,0.8995,0.0672,0.7653,0.9371,1.0,0.0,0.1718,0.5443,0.0,0.48734,0.0
0.6595,0.1151,0.2254,0.5443,0.3265,positive,JPM,2024-07-01,Q3 2024,mixed,0.4019,0.0761,0.0417,-0.0417,0.0,0.14240000000000003,0.6685,0.2574,0.3442,0.9315,1.0,0.0,0.5873,0.5443,0.0,0.48734,0.0
0.6595,0.1151,0.2254,0.5443,0.3265,positive,JPM,2024-07-01,Q3 2024,mixed,0.4019,0.0761,0.0417,-0.0417,0.0,0.14240000000000003,0.0484,0.7745,-0.9626,0.9187,0.6667,0.3333,1.8813,0.5443,0.0,0.48734,0.0
0.6604,0.1171,0.2224,0.5433,0.3274,positive,JPM,2024-10-01,Q4 2024,mixed,0.4019,0.0761,0.0417,-0.0417,0.0,0.14140000000000003,0.9235,0.0192,0.892,0.9453,1.0,0.0,0.0533,0.5443,-0.0010000000000000009,0.48674,-0.0006000000000000005
0.6604,0.1171,0.2224,0.5433,0.3274,positive,JPM,2024-10-01,Q4 2024,mixed,0.4019,0.0761,0.0417,-0.0417,0.0,0.14140000000000003,0.2521,0.768,-0.9601,0.9173,0.75,0.25,1.8774,0.5433,0.0,0.48674,0.0
0.6604,0.1171,0.2224,0.5433,0.3274,positive,JPM,2024-10-01,Q4 2024,mixed,0.4019,0.0761,0.0417,-0.0417,0.0,0.14140000000000003,0.8995,0.0672,0.7653,0.9371,1.0,0.0,0.1718,0.5433,0.0,0.48674,0.0
0.6604,0.1171,0.2224,0.5433,0.3274,positive,JPM,2024-10-01,Q4 2024,mixed,0.4019,0.0761,0.0417,-0.0417,0.0,0.14140000000000003,0.6685,0.2574,0.3442,0.9315,1.0,0.0,0.5873,0.5433,0.0,0.48674,0.0
0.6604,0.1171,0.2224,0.5433,0.3274,positive,JPM,2024-10-01,Q4 2024,mixed,0.4019,0.0761,0.0417,-0.0417,0.0,0.14140000000000003,0.8298,0.1996,0.4308,0.9364,1.0,0.0,0.5056,0.5433,0.0,0.48674,0.0
0.9313,0.0091,0.0596,0.9222,0.5983,positive,MSFT,2020-04-01,Q2 2020,positive,0.9666,0.5437,0.0,0.061,,-0.044399999999999995,0.9235,0.0192,0.892,0.9453,1.0,0.0,0.0533,,,0.9399600000000001,0.0
0.9313,0.0091,0.0596,0.9222,0.5983,positive,MSFT,2020-04-01,Q2 2020,positive,0.9666,0.5437,0.0,0.061,,-0.044399999999999995,0.9324,0.0065,0.9219,0.9383,1.0,0.0,0.0164,0.9222,0.0,0.9399600000000001,0.0
0.9313,0.0091,0.0596,0.9222,0.5983,positive,MSFT,2020-04-01,Q2 2020,positive,0.9666,0.5437,0.0,0.061,,-0.044399999999999995,0.8997,0.0673,0.7653,0.9371,1.0,0.0,0.1718,0.9222,0.0,0.9399600000000001,0.0
0.9313,0.0091,0.0596,0.9222,0.5983,positive,MSFT,2020-04-01,Q2 2020,positive,0.9666,0.5437,0.0,0.061,,-0.044399999999999995,0.5491,0.3784,0.1294,0.9346,1.0,0.0,0.8052,0.9222,0.0,0.9399600000000001,0.0
0.9313,0.0091,0.0596,0.9222,0.5983,positive,MSFT,2020-04-01,Q2 2020,positive,0.9666,0.5437,0.0,0.061,,-0.044399999999999995,0.2902,0.7248,-0.9002,0.8874,0.75,0.25,1.7876,0.9222,0.0,0.9399600000000001,0.0
0.2282,0.703,0.0688,-0.4748,0.37,negative,MSFT,2020-07-01,Q3 2020,mixed,0.9001,0.3987,0.0,0.0519,-0.0665,-1.3749,0.1059,0.6452,-0.9577,0.7054,0.75,0.25,1.6631,0.9222,-1.397,0.07516000000000006,-0.8647999999999999
0.2282,0.703,0.0688,-0.4748,0.37,negative,MSFT,2020-07-01,Q3 2020,mixed,0.9001,0.3987,0.0,0.0519,-0.0665,-1.3749,0.9324,0.0065,0.9219,0.9384,1.0,0.0,0.0165,-0.4748,0.0,0.07516000000000006,-0.026600000000000002
0.2282,0.703,0.0688,-0.4748,0.37,negative,MSFT,2020-07-01,Q3 2020,mixed,0.9001,0.3987,0.0,0.0519,-0.0665,-1.3749,0.1512,0.734,-0.9623,0.8327,0.5,0.25,1.795,-0.4748,0.0,0.07516000000000006,-0.026600000000000002
0.2282,0.703,0.0688,-0.4748,0.37,negative,MSFT,2020-07-01,Q3 2020,mixed,0.9001,0.3987,0.0,0.0519,-0.0665,-1.3749,0.6686,0.2575,0.3442,0.9318,1.0,0.0,0.5876,-0.4748,0.0,0.07516000000000006,-0.026600000000000002
0.2282,0.703,0.0688,-0.4748,0.37,negative,MSFT,2020-07-01,Q3 2020,mixed,0.9001,0.3987,0.0,0.0519,-0.0665,-1.3749,0.8298,0.1996,0.4308,0.9364,1.0,0.0,0.5056,-0.4748,0.0,0.07516000000000006,-0.026600000000000002
0.9312,0.0091,0.0596,0.9221,0.5982,positive,MSFT,2020-10-01,Q4 2020,positive,0.9666,0.5437,0.0,0.061,0.0665,-0.044499999999999984,0.1702,0.7726,-0.8296,0.9245,0.5,0.5,1.7541,-0.4748,1.3969,0.9399,0.86474
0.9312,0.0091,0.0596,0.9221,0.5982,positive,MSFT,2020-10-01,Q4 2020,positive,0.9666,0.5437,0.0,0.061,0.0665,-0.044499999999999984,0.9324,0.0065,0.9219,0.9385,1.0,0.0,0.0166,0.9221,0.0,0.9399,0.026600000000000002
0.9312,0.0091,0.0596,0.9221,0.5982,positive,MSFT,2020-10-01,Q4 2020,positive,0.9666,0.5437,0.0,0.061,0.0665,-0.044499999999999984,0.8998,0.0673,0.7653,0.9371,1.0,0.0,0.1718,0.9221,0.0,0.9399,0.026600000000000002
0.9312,0.0091,0.0596,0.9221,0.5982,positive,MSFT,2020-10-01,Q4 2020,positive,0.9666,0.5437,0.0,0.061,0.0665,-0.044499999999999984,0.6686,0.2575,0.3442,0.9319,1.0,0.0,0.5877,0.9221,0.0,0.9399,0.026600000000000002
0.9312,0.0091,0.0596,0.9221,0.5982,positive,MSFT,2020-10-01,Q4 2020,positive,0.9666,0.5437,0.0,0.061,0.0665,-0.044499999999999984,0.8298,0.1996,0.4308,0.9364,1.0,0.0,0.5056,0.9221,0.0,0.9399,0.026600000000000002
0.9332,0.0093,0.0575,0.9239,0.6002,positive,MSFT,2021-01-01,Q1 2021,positive,0.9666,0.5437,0.0,0.061,0.0,-0.04269999999999996,0.1619,0.7834,-0.8628,0.9245,0.5,0.5,1.7873,0.9221,0.0018000000000000238,0.9409800000000001,0.0010800000000000143
0.9332,0.0093,0.0575,0.9239,0.6002,positive,MSFT,2021-01-01,Q1 2021,positive,0.9666,0.5437,0.0,0.061,0.0,-0.04269999999999996,0.9324,0.0065,0.9219,0.9383,1.0,0.0,0.0164,0.9239,0.0,0.9409800000000001,0.0
0.9332,0.0093,0.0575,0.9239,0.6002,positive,MSFT,2021-01-01,Q1 2021,positive,0.9666,0.5437,0.0,0.061,0.0,-0.04269999999999996,0.8995,0.0672,0.7653,0.9371,1.0,0.0,0.1718,0.9239,0.0,0.9409800000000001,0.0
0.9332,0.0093,0.0575,0.9239,0.6002,positive,MSFT,2021-01-01,Q1 2021,positive,0.9666,0.5437,0.0,0.061,0.0,-0.04269999999999996,0.6687,0.2576,0.3442,0.9323,1.0,0.0,0.5881,0.9239,0.0,0.9409800000000001,0.0
0.9332,0.0093,0.0575,0.9239,0.6002,positive,MSFT,2021-01-01,Q1 2021,positive,0.9666,0.5437,0.0,0.061,0.0,-0.04269999999999996,0.8297,0.1995,0.4308,0.9364,1.0,0.0,0.5056,0.9239,0.0,0.9409800000000001,0.0
0.9327,0.0093,0.058,0.9235,0.5997,positive,MSFT,2021-04-01,Q2 2021,positive,0.9666,0.5437,0.0,0.061,0.0,-0.04310000000000003,0.9234,0.0191,0.892,0.9453,1.0,0.0,0.0533,0.9239,-0.00040000000000006697,0.9407399999999999,-0.00024000000000004018
0.9327,0.0093,0.058,0.9235,0.5997,positive,MSFT,2021-04-01,Q2 2021,positive,0.9666,0.5437,0.0,0.061,0.0,-0.04310000000000003,0.9324,0.0064,0.9219,0.9382,1.0,0.0,0.0163,0.9235,0.0,0.9407399999999999,0.0
0.9327,0.0093,0.058,0.9235,0.5997,positive,MSFT,2021-04-01,Q2 2021,positive,0.9666,0.5437,0.0,0.061,0.0,-0.04310000000000003,0.8995,0.0672,0.7653,0.9371,1.0,0.0,0.1718,0.9235,0.0,0.9407399999999999,0.0
0.9327,0.0093,0.058,0.9235,0.5997,positive,MSFT,2021-04-01,Q2 2021,positive,0.9666,0.5437,0.0,0.061,0.0,-0.04310000000000003,0.5489,0.3782,0.1294,0.9338,1.0,0.0,0.8044,0.9235,0.0,0.9407399999999999,0.0
0.9327,0.0093,0.058,0.9235,0.5997,positive,MSFT,2021-04-01,Q2 2021,positive,0.9666,0.5437,0.0,0.061,0.0,-0.04310000000000003,0.8296,0.1995,0.4308,0.9364,1.0,0.0,0.5056,0.9235,0.0,0.9407399999999999,0.0
0.9331,0.0093,0.0576,0.9238,0.6001,positive,MSFT,2021-07-01,Q3 2021,positive,0.9666,0.5437,0.0,0.061,0.0,-0.04280000000000006,0.9234,0.0191,0.892,0.9453,1.0,0.0,0.0533,0.9235,0.00029999999999996696,0.94092,0.00017999999999998017
0.9331,0.0093,0.0576,0.9238,0.6001,positive,MSFT,2021-07-01,Q3 2021,positive,0.9666,0.5437,0.0,0.061,0.0,-0.04280000000000006,0.2528,0.7686,-0.9601,0.9203,0.75,0.25,1.8804,0.9238,0.0,0.94092,0.0
0.9331,0.0093,0.0576,0.9238,0.6001,positive,MSFT,2021-07-01,Q3 2021,positive,0.9666,0.5437,0.0,0.061,0.0,-0.04280000000000006,0.8996,0.0672,0.7653,0.9371,1.0,0.0,0.1718,0.9238,0.0,0.94092,0.0
0.9331,0.0093,0.0576,0.9238,0.6001,positive,MSFT,2021-07-01,Q3 2021,positive,0.9666,0.5437,0.0,0.061,0.0,-0.04280000000000006,0.549,0.3782,0.1294,0.934,1.0,0.0,0.8046,0.9238,0.0,0.94092,0.0
0.9331,0.0093,0.0576,0.9238,0.6001,positive,MSFT,2021-07-01,Q3 2021,positive,0.9666,0.5437,0.0,0.061,0.0,-0.04280000000000006,0.0484,0.7744,-0.9625,0.9187,0.6667,0.3333,1.8812,0.9238,0.0,0.94092,0.0
0.2246,0.7082,0.0672,-0.4837,0.3752,negative,MSFT,2021-10-01,Q4 2021,mixed,0.9001,0.3987,0.0,0.0519,-0.0665,-1.3838,0.9234,0.0191,0.892,0.9453,1.0,0.0,0.0533,0.9238,-1.4075,0.06982000000000005,-0.8710999999999999
0.2246,0.7082,0.0672,-0.4837,0.3752,negative,MSFT,2021-10-01,Q4 2021,mixed,0.9001,0.3987,0.0,0.0519,-0.0665,-1.3838,0.9324,0.0065,0.9219,0.9383,1.0,0.0,0.0164,-0.4837,0.0,0.06982000000000005,-0.026600000000000002
0.2246,0.7082,0.0672,-0.4837,0.3752,negative,MSFT,2021-10-01,Q4 2021,mixed,0.9001,0.3987,0.0,0.0519,-0.0665,-1.3838,0.1558,0.7328,-0.9623,0.8327,0.5,0.25,1.795,-0.4837,0.0,0.06982000000000005,-0.026600000000000002
0.2246,0.7082,0.0672,-0.4837,0.3752,negative,MSFT,2021-10-01,Q4 2021,mixed,0.9001,0.3987,0.0,0.0519,-0.0665,-1.3838,0.6687,0.2576,0.3442,0.9324,1.0,0.0,0.5882,-0.4837,0.0,0.06982000000000005,-0.026600000000000002
0.2246,0.7082,0.0672,-0.4837,0.3752,negative,MSFT,2021-10-01,Q4 2021,mixed,0.9001,0.3987,0.0,0.0519,-0.0665,-1.3838,0.8297,0.1996,0.4308,0.9364,1.0,0.0,0.5056,-0.4837,0.0,0.06982000000000005,-0.026600000000000002
0.9344,0.0094,0.0562,0.925,0.6014,positive,MSFT,2022-01-01,Q1 2022,positive,0.9666,0.5437,0.0,0.061,0.0665,-0.04159999999999997,0.1629,0.7821,-0.8587,0.9245,0.5,0.5,1.7832,-0.4837,1.4087,0.94164,0.8718199999999999
0.9344,0.0094,0.0562,0.925,0.6014,positive,MSFT,2022-01-01,Q1 2022,positive,0.9666,0.5437,0.0,0.061,0.0665,-0.04159999999999997,0.9323,0.0064,0.9219,0.938,1.0,0.0,0.0161,0.925,0.0,0.94164,0.026600000000000002
0.9344,0.0094,0.0562,0.925,0.6014,positive,MSFT,2022-01-01,Q1 2022,positive,0.9666,0.5437,0.0,0.061,0.0665,-0.04159999999999997,0.8995,0.0671,0.7653,0.9371,1.0,0.0,0.1718,0.925,0.0,0.94164,0.026600000000000002
0.9344,0.0094,0.0562,0.925,0.6014,positive,MSFT,2022-01-01,Q1 2022,positive,0.9666,0.5437,0.0,0.061,0.0665,-0.04159999999999997,0.6686,0.2575,0.3442,0.9319,1.0,0.0,0.5877,0.925,0.0,0.94164,0.026600000000000002
0.9344,0.0094,0.0562,0.925,0.6014,positive,MSFT,2022-01-01,Q1 2022,positive,0.9666,0.5437,0.0,0.061,0.0665,-0.04159999999999997,0.2911,0.7255,-0.9002,0.891,0.75,0.25,1.7912,0.925,0.0,0.94164,0.026600000000000002
0.9339,0.0094,0.0567,0.9245,0.6009,positive,MSFT,2022-04-01,Q2 2022,positive,0.9666,0.5437,0.0,0.061,0.0,-0.042100000000000026,0.1638,0.7809,-0.8552,0.9245,0.5,0.5,1.7797,0.925,-0.000500000000000056,0.9413400000000001,-0.0003000000000000336
0.9339,0.0094,0.0567,0.9245,0.6009,positive,MSFT,2022-04-01,Q2 2022,positive,0.9666,0.5437,0.0,0.061,0.0,-0.042100000000000026,0.2526,0.7684,-0.9601,0.9192,0.75,0.25,1.8793,0.9245,0.0,0.9413400000000001,0.0
0.9339,0.0094,0.0567,0.9245,0.6009,positive,MSFT,2022-04-01,Q2 2022,positive,0.9666,0.5437,0.0,0.061,0.0,-0.042100000000000026,0.8994,0.0671,0.7653,0.9371,1.0,0.0,0.1718,0.9245,0.0,0.9413400000000001,0.0
0.9339,0.0094,0.0567,0.9245,0.6009,positive,MSFT,2022-04-01,Q2 2022,positive,0.9666,0.5437,0.0,0.061,0.0,-0.042100000000000026,0.6685,0.2574,0.3442,0.9316,1.0,0.0,0.5874,0.9245,0.0,0.9413400000000001,0.0
0.9339,0.0094,0.0567,0.9245,0.6009,positive,MSFT,2022-04-01,Q2 2022,positive,0.9666,0.5437,0.0,0.061,0.0,-0.042100000000000026,0.8297,0.1996,0.4308,0.9364,1.0,0.0,0.5056,0.9245,0.0,0.9413400000000001,0.0
0.2213,0.7119,0.0667,-0.4906,0.3789,negative,MSFT,2022-07-01,Q3 2022,mixed,0.9001,0.3987,0.0,0.0519,-0.0665,-1.3907,0.1631,0.7818,-0.8579,0.9245,0.5,0.5,1.7824,0.9245,-1.4151,0.06568000000000007,-0.87566
0.2213,0.7119,0.0667,-0.4906,0.3789,negative,MSFT,2022-07-01,Q3 2022,mixed,0.9001,0.3987,0.0,0.0519,-0.0665,-1.3907,0.9323,0.0064,0.9219,0.9379,1.0,0.0,0.016,-0.4906,0.0,0.06568000000000007,-0.026600000000000002
0.2213,0.7119,0.0667,-0.4906,0.3789,negative,MSFT,2022-07-01,Q3 2022,mixed,0.9001,0.3987,0.0,0.0519,-0.0665,-1.3907,0.1388,0.7378,-0.9623,0.8327,0.5,0.5,1.795,-0.4906,0.0,0.06568000000000007,-0.026600000000000002
0.2213,0.7119,0.0667,-0.4906,0.3789,negative,MSFT,2022-07-01,Q3 2022,mixed,0.9001,0.3987,0.0,0.0519,-0.0665,-1.3907,0.6685,0.2574,0.3442,0.9316,1.0,0.0,0.5874,-0.4906,0.0,0.06568000000000007,-0.026600000000000002
0.2213,0.7119,0.0667,-0.4906,0.3789,negative,MSFT,2022-07-01,Q3 2022,mixed,0.9001,0.3987,0.0,0.0519,-0.0665,-1.3907,0.2904,0.725,-0.9002,0.8882,0.75,0.25,1.7884,-0.4906,0.0,0.06568000000000007,-0.026600000000000002
0.9339,0.0094,0.0567,0.9245,0.6009,positive,MSFT,2022-10-01,Q4 2022,positive,0.9666,0.5437,0.0,0.061,0.0665,-0.042100000000000026,0.9235,0.0192,0.892,0.9453,1.0,0.0,0.0533,-0.4906,1.4151,0.9413400000000001,0.87566
0.9339,0.0094,0.0567,0.9245,0.6009,positive,MSFT,2022-10-01,Q4 2022,positive,0.9666,0.5437,0.0,0.061,0.0665,-0.042100000000000026,0.3963,0.4733,-0.2498,0.9064,0.75,0.25,1.1562,0.9245,0.0,0.9413400000000001,0.026600000000000002
0.9339,0.0094,0.0567,0.9245,0.6009,positive,MSFT,2022-10-01,Q4 2022,positive,0.9666,0.5437,0.0,0.061,0.0665,-0.042100000000000026,0.8995,0.0672,0.7653,0.9371,1.0,0.0,0.1718,0.9245,0.0,0.9413400000000001,0.026600000000000002
0.9339,0.0094,0.0567,0.9245,0.6009,positive,MSFT,2022-10-01,Q4 2022,positive,0.9666,0.5437,0.0,0.061,0.0665,-0.042100000000000026,0.5489,0.3782,0.1294,0.9339,1.0,0.0,0.8045,0.9245,0.0,0.9413400000000001,0.026600000000000002
0.9339,0.0094,0.0567,0.9245,0.6009,positive,MSFT,2022-10-01,Q4 2022,positive,0.9666,0.5437,0.0,0.061,0.0665,-0.042100000000000026,0.2906,0.7251,-0.9002,0.8891,0.75,0.25,1.7893,0.9245,0.0,0.9413400000000001,0.026600000000000002
0.9342,0.0094,0.0564,0.9249,0.6012,positive,MSFT,2023-01-01,Q1 2023,positive,0.9666,0.5437,0.0,0.061,0.0,-0.04169999999999996,0.0759,0.6277,-0.9577,0.7054,0.75,0.25,1.6631,0.9245,0.00040000000000006697,0.9415800000000001,0.00024000000000004018
0.9342,0.0094,0.0564,0.9249,0.6012,positive,MSFT,2023-01-01,Q1 2023,positive,0.9666,0.5437,0.0,0.061,0.0,-0.04169999999999996,0.9323,0.0064,0.9219,0.9381,1.0,0.0,0.0162,0.9249,0.0,0.9415800000000001,0.0
0.9342,0.0094,0.0564,0.9249,0.6012,positive,MSFT,2023-01-01,Q1 2023,positive,0.9666,0.5437,0.0,0.061,0.0,-0.04169999999999996,0.8995,0.0671,0.7653,0.9371,1.0,0.0,0.1718,0.9249,0.0,0.9415800000000001,0.0
0.9342,0.0094,0.0564,0.9249,0.6012,positive,MSFT,2023-01-01,Q1 2023,positive,0.9666,0.5437,0.0,0.061,0.0,-0.04169999999999996,0.6686,0.2575,0.3442,0.932,1.0,0.0,0.5878,0.9249,0.0,0.9415800000000001,0.0
0.9342,0.0094,0.0564,0.9249,0.6012,positive,MSFT,2023-01-01,Q1 2023,positive,0.9666,0.5437,0.0,0.061,0.0,-0.04169999999999996,0.8298,0.1996,0.4308,0.9364,1.0,0.0,0.5056,0.9249,0.0,0.9415800000000001,0.0
0.9338,0.0094,0.0568,0.9244,0.6008,positive,MSFT,2023-04-01,Q2 2023,positive,0.9666,0.5437,0.0,0.061,0.0,-0.042200000000000015,0.1653,0.7789,-0.849,0.9245,0.5,0.5,1.7735,0.9249,-0.000500000000000056,0.9412800000000001,-0.0003000000000000336
0.9338,0.0094,0.0568,0.9244,0.6008,positive,MSFT,2023-04-01,Q2 2023,positive,0.9666,0.5437,0.0,0.061,0.0,-0.042200000000000015,0.3956,0.4737,-0.2498,0.9064,0.75,0.25,1.1562,0.9244,0.0,0.9412800000000001,0.0
0.9338,0.0094,0.0568,0.9244,0.6008,positive,MSFT,2023-04-01,Q2 2023,positive,0.9666,0.5437,0.0,0.061,0.0,-0.042200000000000015,0.8995,0.0671,0.7653,0.9371,1.0,0.0,0.1718,0.9244,0.0,0.9412800000000001,0.0
0.9338,0.0094,0.0568,0.9244,0.6008,positive,MSFT,2023-04-01,Q2 2023,positive,0.9666,0.5437,0.0,0.061,0.0,-0.042200000000000015,0.5488,0.3781,0.1294,0.9335,1.0,0.0,0.8041,0.9244,0.0,0.9412800000000001,0.0
0.9338,0.0094,0.0568,0.9244,0.6008,positive,MSFT,2023-04-01,Q2 2023,positive,0.9666,0.5437,0.0,0.061,0.0,-0.042200000000000015,0.0484,0.7745,-0.9627,0.9187,0.6667,0.3333,1.8814,0.9244,0.0,0.9412800000000001,0.0
0.9341,0.0094,0.0565,0.9247,0.6011,positive,MSFT,2023-07-01,Q3 2023,positive,0.9666,0.5437,0.0,0.061,0.0,-0.04190000000000005,0.9235,0.0192,0.892,0.9453,1.0,0.0,0.0533,0.9244,0.00029999999999996696,0.94146,0.00017999999999998017
0.9341,0.0094,0.0565,0.9247,0.6011,positive,MSFT,2023-07-01,Q3 2023,positive,0.9666,0.5437,0.0,0.061,0.0,-0.04190000000000005,0.2524,0.7682,-0.9601,0.9183,0.75,0.25,1.8784,0.9247,0.0,0.94146,0.0
0.9341,0.0094,0.0565,0.9247,0.6011,positive,MSFT,2023-07-01,Q3 2023,positive,0.9666,0.5437,0.0,0.061,0.0,-0.04190000000000005,0.8995,0.0672,0.7653,0.9371,1.0,0.0,0.1718,0.9247,0.0,0.94146,0.0
0.9341,0.0094,0.0565,0.9247,0.6011,positive,MSFT,2023-07-01,Q3 2023,positive,0.9666,0.5437,0.0,0.061,0.0,-0.04190000000000005,0.6685,0.2575,0.3442,0.9317,1.0,0.0,0.5875,0.9247,0.0,0.94146,0.0
0.9341,0.0094,0.0565,0.9247,0.6011,positive,MSFT,2023-07-01,Q3 2023,positive,0.9666,0.5437,0.0,0.061,0.0,-0.04190000000000005,0.2907,0.7253,-0.9002,0.8896,0.75,0.25,1.7898,0.9247,0.0,0.94146,0.0
0.2185,0.716,0.0655,-0.4975,0.383,negative,MSFT,2023-10-01,Q4 2023,mixed,0.9001,0.3987,0.0,0.0519,-0.0665,-1.3976,0.9235,0.0192,0.892,0.9453,1.0,0.0,0.0533,0.9247,-1.4222,0.06154000000000004,-0.8799199999999999
0.2185,0.716,0.0655,-0.4975,0.383,negative,MSFT,2023-10-01,Q4 2023,mixed,0.9001,0.3987,0.0,0.0519,-0.0665,-1.3976,0.9323,0.0064,0.9219,0.9379,1.0,0.0,0.016,-0.4975,0.0,0.06154000000000004,-0.026600000000000002
0.2185,0.716,0.0655,-0.4975,0.383,negative,MSFT,2023-10-01,Q4 2023,mixed,0.9001,0.3987,0.0,0.0519,-0.0665,-1.3976,0.1508,0.7341,-0.9623,0.8327,0.5,0.25,1.795,-0.4975,0.0,0.06154000000000004,-0.026600000000000002
0.2185,0.716,0.0655,-0.4975,0.383,negative,MSFT,2023-10-01,Q4 2023,mixed,0.9001,0.3987,0.0,0.0519,-0.0665,-1.3976,0.6686,0.2575,0.3442,0.9318,1.0,0.0,0.5876,-0.4975,0.0,0.06154000000000004,-0.026600000000000002
0.2185,0.716,0.0655,-0.4975,0.383,negative,MSFT,2023-10-01,Q4 2023,mixed,0.9001,0.3987,0.0,0.0519,-0.0665,-1.3976,0.0484,0.7745,-0.9626,0.9187,0.6667,0.3333,1.8813,-0.4975,0.0,0.06154000000000004,-0.026600000000000002
0.8014,0.1019,0.0966,0.6995,0.4684,positive,MSFT,2024-01-01,Q1 2024,cautious,0.8271,0.3427,0.0143,-0.0143,-0.073,-0.12759999999999994,0.9235,0.0192,0.892,0.9453,1.0,0.0,0.0533,-0.4975,1.197,0.75054,0.6890000000000001
0.8014,0.1019,0.0966,0.6995,0.4684,positive,MSFT,2024-01-01,Q1 2024,cautious,0.8271,0.3427,0.0143,-0.0143,-0.073,-0.12759999999999994,0.9323,0.0064,0.9219,0.9381,1.0,0.0,0.0162,0.6995,0.0,0.75054,-0.0292
0.8014,0.1019,0.0966,0.6995,0.4684,positive,MSFT,2024-01-01,Q1 2024,cautious,0.8271,0.3427,0.0143,-0.0143,-0.073,-0.12759999999999994,0.3476,0.7021,-0.807,0.9325,0.75,0.25,1.7395,0.6995,0.0,0.75054,-0.0292
0.8014,0.1019,0.0966,0.6995,0.4684,positive,MSFT,2024-01-01,Q1 2024,cautious,0.8271,0.3427,0.0143,-0.0143,-0.073,-0.12759999999999994,0.6686,0.2575,0.3442,0.9318,1.0,0.0,0.5876,0.6995,0.0,0.75054,-0.0292
0.8014,0.1019,0.0966,0.6995,0.4684,positive,MSFT,2024-01-01,Q1 2024,cautious,0.8271,0.3427,0.0143,-0.0143,-0.073,-0.12759999999999994,0.0483,0.7745,-0.9628,0.9187,0.6667,0.3333,1.8815,0.6995,0.0,0.75054,-0.0292
0.2246,0.7093,0.0661,-0.4846,0.3763,negative,MSFT,2024-04-01,Q2 2024,mixed,0.9001,0.3987,0.0,0.0519,0.073,-1.3847,0.9235,0.0192,0.892,0.9453,1.0,0.0,0.0533,0.6995,-1.1841,0.06928000000000006,-0.68126
0.2246,0.7093,0.0661,-0.4846,0.3763,negative,MSFT,2024-04-01,Q2 2024,mixed,0.9001,0.3987,0.0,0.0519,0.073,-1.3847,0.2525,0.7683,-0.9601,0.9187,0.75,0.25,1.8788,-0.4846,0.0,0.06928000000000006,0.0292
0.2246,0.7093,0.0661,-0.4846,0.3763,negative,MSFT,2024-04-01,Q2 2024,mixed,0.9001,0.3987,0.0,0.0519,0.073,-1.3847,0.1457,0.7356,-0.9623,0.8327,0.5,0.25,1.795,-0.4846,0.0,0.06928000000000006,0.0292
0.2246,0.7093,0.0661,-0.4846,0.3763,negative,MSFT,2024-04-01,Q2 2024,mixed,0.9001,0.3987,0.0,0.0519,0.073,-1.3847,0.6685,0.2574,0.3442,0.9315,1.0,0.0,0.5873,-0.4846,0.0,0.06928000000000006,0.0292
0.2246,0.7093,0.0661,-0.4846,0.3763,negative,MSFT,2024-04-01,Q2 2024,mixed,0.9001,0.3987,0.0,0.0519,0.073,-1.3847,0.2909,0.7254,-0.9002,0.8903,0.75,0.25,1.7905,-0.4846,0.0,0.06928000000000006,0.0292
0.9338,0.0094,0.0568,0.9244,0.6008,positive,MSFT,2024-07-01,Q3 2024,positive,0.9666,0.5437,0.0,0.061,0.0665,-0.042200000000000015,0.9235,0.0192,0.892,0.9453,1.0,0.0,0.0533,-0.4846,1.409,0.9412800000000001,0.872
0.9338,0.0094,0.0568,0.9244,0.6008,positive,MSFT,2024-07-01,Q3 2024,positive,0.9666,0.5437,0.0,0.061,0.0665,-0.042200000000000015,0.252,0.7679,-0.9601,0.9171,0.75,0.25,1.8772,0.9244,0.0,0.9412800000000001,0.026600000000000002
0.9338,0.0094,0.0568,0.9244,0.6008,positive,MSFT,2024-07-01,Q3 2024,positive,0.9666,0.5437,0.0,0.061,0.0665,-0.042200000000000015,0.8995,0.0672,0.7653,0.9371,1.0,0.0,0.1718,0.9244,0.0,0.9412800000000001,0.026600000000000002
0.9338,0.0094,0.0568,0.9244,0.6008,positive,MSFT,2024-07-01,Q3 2024,positive,0.9666,0.5437,0.0,0.061,0.0665,-0.042200000000000015,0.6685,0.2574,0.3442,0.9315,1.0,0.0,0.5873,0.9244,0.0,0.9412800000000001,0.026600000000000002
0.9338,0.0094,0.0568,0.9244,0.6008,positive,MSFT,2024-07-01,Q3 2024,positive,0.9666,0.5437,0.0,0.061,0.0665,-0.042200000000000015,0.0484,0.7745,-0.9626,0.9187,0.6667,0.3333,1.8813,0.9244,0.0,0.9412800000000001,0.026600000000000002
0.9335,0.0093,0.0572,0.9242,0.6005,positive,MSFT,2024-10-01,Q4 2024,positive,0.9666,0.5437,0.0,0.061,0.0,-0.04239999999999999,0.9235,0.0192,0.892,0.9453,1.0,0.0,0.0533,0.9244,-0.00019999999999997797,0.94116,-0.00011999999999998678
0.9335,0.0093,0.0572,0.9242,0.6005,positive,MSFT,2024-10-01,Q4 2024,positive,0.9666,0.5437,0.0,0.061,0.0,-0.04239999999999999,0.2521,0.768,-0.9601,0.9173,0.75,0.25,1.8774,0.9242,0.0,0.94116,0.0
0.9335,0.0093,0.0572,0.9242,0.6005,positive,MSFT,2024-10-01,Q4 2024,positive,0.9666,0.5437,0.0,0.061,0.0,-0.04239999999999999,0.8995,0.0672,0.7653,0.9371,1.0,0.0,0.1718,0.9242,0.0,0.94116,0.0
0.9335,0.0093,0.0572,0.9242,0.6005,positive,MSFT,2024-10-01,Q4 2024,positive,0.9666,0.5437,0.0,0.061,0.0,-0.04239999999999999,0.6685,0.2574,0.3442,0.9315,1.0,0.0,0.5873,0.9242,0.0,0.94116,0.0
0.9335,0.0093,0.0572,0.9242,0.6005,positive,MSFT,2024-10-01,Q4 2024,positive,0.9666,0.5437,0.0,0.061,0.0,-0.04239999999999999,0.8298,0.1996,0.4308,0.9364,1.0,0.0,0.5056,0.9242,0.0,0.94116,0.0
0.9433,0.0192,0.0375,0.9241,0.6103,positive,NVDA,2020-04-01,Q2 2020,mixed,0.8588,0.374,0.0,0.0267,,0.06530000000000002,0.9235,0.0192,0.892,0.9453,1.0,0.0,0.0533,,,0.89798,0.0
0.9433,0.0192,0.0375,0.9241,0.6103,positive,NVDA,2020-04-01,Q2 2020,mixed,0.8588,0.374,0.0,0.0267,,0.06530000000000002,0.9324,0.0065,0.9219,0.9383,1.0,0.0,0.0164,0.9241,0.0,0.89798,0.0
0.9433,0.0192,0.0375,0.9241,0.6103,positive,NVDA,2020-04-01,Q2 2020,mixed,0.8588,0.374,0.0,0.0267,,0.06530000000000002,0.8997,0.0673,0.7653,0.9371,1.0,0.0,0.1718,0.9241,0.0,0.89798,0.0
0.9433,0.0192,0.0375,0.9241,0.6103,positive,NVDA,2020-04-01,Q2 2020,mixed,0.8588,0.374,0.0,0.0267,,0.06530000000000002,0.5491,0.3784,0.1294,0.9346,1.0,0.0,0.8052,0.9241,0.0,0.89798,0.0
0.9433,0.0192,0.0375,0.9241,0.6103,positive,NVDA,2020-04-01,Q2 2020,mixed,0.8588,0.374,0.0,0.0267,,0.06530000000000002,0.2902,0.7248,-0.9002,0.8874,0.75,0.25,1.7876,0.9241,0.0,0.89798,0.0
0.7897,0.0163,0.194,0.7734,0.4567,positive,NVDA,2020-07-01,Q3 2020,positive,0.4019,0.1036,0.0,0.0341,-0.4569,0.3715,0.1059,0.6452,-0.9577,0.7054,0.75,0.25,1.6631,0.9241,-0.15070000000000006,0.6248,-0.27318000000000003
0.7897,0.0163,0.194,0.7734,0.4567,positive,NVDA,2020-07-01,Q3 2020,positive,0.4019,0.1036,0.0,0.0341,-0.4569,0.3715,0.9324,0.0065,0.9219,0.9384,1.0,0.0,0.0165,0.7734,0.0,0.6248,-0.18276
0.7897,0.0163,0.194,0.7734,0.4567,positive,NVDA,2020-07-01,Q3 2020,positive,0.4019,0.1036,0.0,0.0341,-0.4569,0.3715,0.1512,0.734,-0.9623,0.8327,0.5,0.25,1.795,0.7734,0.0,0.6248,-0.18276
0.7897,0.0163,0.194,0.7734,0.4567,positive,NVDA,2020-07-01,Q3 2020,positive,0.4019,0.1036,0.0,0.0341,-0.4569,0.3715,0.6686,0.2575,0.3442,0.9318,1.0,0.0,0.5876,0.7734,0.0,0.6248,-0.18276
0.7897,0.0163,0.194,0.7734,0.4567,positive,NVDA,2020-07-01,Q3 2020,positive,0.4019,0.1036,0.0,0.0341,-0.4569,0.3715,0.8298,0.1996,0.4308,0.9364,1.0,0.0,0.5056,0.7734,0.0,0.6248,-0.18276
0.7903,0.0164,0.1934,0.7739,0.4573,positive,NVDA,2020-10-01,Q4 2020,positive,0.4019,0.1036,0.0,0.0341,0.0,0.37200000000000005,0.1702,0.7726,-0.8296,0.9245,0.5,0.5,1.7541,0.7734,0.000500000000000056,0.6251,0.0003000000000000336
0.7903,0.0164,0.1934,0.7739,0.4573,positive,NVDA,2020-10-01,Q4 2020,positive,0.4019,0.1036,0.0,0.0341,0.0,0.37200000000000005,0.9324,0.0065,0.9219,0.9385,1.0,0.0,0.0166,0.7739,0.0,0.6251,0.0
0.7903,0.0164,0.1934,0.7739,0.4573,positive,NVDA,2020-10-01,Q4 2020,positive,0.4019,0.1036,0.0,0.0341,0.0,0.37200000000000005,0.8998,0.0673,0.7653,0.9371,1.0,0.0,0.1718,0.7739,0.0,0.6251,0.0
0.7903,0.0164,0.1934,0.7739,0.4573,positive,NVDA,2020-10-01,Q4 2020,positive,0.4019,0.1036,0.0,0.0341,0.0,0.37200000000000005,0.6686,0.2575,0.3442,0.9319,1.0,0.0,0.5877,0.7739,0.0,0.6251,0.0
0.7903,0.0164,0.1934,0.7739,0.4573,positive,NVDA,2020-10-01,Q4 2020,positive,0.4019,0.1036,0.0,0.0341,0.0,0.37200000000000005,0.8298,0.1996,0.4308,0.9364,1.0,0.0,0.5056,0.7739,0.0,0.6251,0.0
0.8028,0.0162,0.1811,0.7866,0.4698,positive,NVDA,2021-01-01,Q1 2021,positive,0.4019,0.1036,0.0,0.0341,0.0,0.3847,0.1619,0.7834,-0.8628,0.9245,0.5,0.5,1.7873,0.7739,0.012699999999999934,0.63272,0.00761999999999996
0.8028,0.0162,0.1811,0.7866,0.4698,positive,NVDA,2021-01-01,Q1 2021,positive,0.4019,0.1036,0.0,0.0341,0.0,0.3847,0.9324,0.0065,0.9219,0.9383,1.0,0.0,0.0164,0.7866,0.0,0.63272,0.0
0.8028,0.0162,0.1811,0.7866,0.4698,positive,NVDA,2021-01-01,Q1 2021,positive,0.4019,0.1036,0.0,0.0341,0.0,0.3847,0.8995,0.0672,0.7653,0.9371,1.0,0.0,0.1718,0.7866,0.0,0.63272,0.0
0.8028,0.0162,0.1811,0.7866,0.4698,positive,NVDA,2021-01-01,Q1 2021,positive,0.4019,0.1036,0.0,0.0341,0.0,0.3847,0.6687,0.2576,0.3442,0.9323,1.0,0.0,0.5881,0.7866,0.0,0.63272,0.0
0.8028,0.0162,0.1811,0.7866,0.4698,positive,NVDA,2021-01-01,Q1 2021,positive,0.4019,0.1036,0.0,0.0341,0.0,0.3847,0.8297,0.1995,0.4308,0.9364,1.0,0.0,0.5056,0.7866,0.0,0.63272,0.0
0.9435,0.0199,0.0365,0.9236,0.6105,positive,NVDA,2021-04-01,Q2 2021,mixed,0.8588,0.374,0.0,0.0267,0.4569,0.06479999999999997,0.9234,0.0191,0.892,0.9453,1.0,0.0,0.0533,0.7866,0.137,0.89768,0.26496000000000003
0.9435,0.0199,0.0365,0.9236,0.6105,positive,NVDA,2021-04-01,Q2 2021,mixed,0.8588,0.374,0.0,0.0267,0.4569,0.06479999999999997,0.9324,0.0064,0.9219,0.9382,1.0,0.0,0.0163,0.9236,0.0,0.89768,0.18276
0.9435,0.0199,0.0365,0.9236,0.6105,positive,NVDA,2021-04-01,Q2 2021,mixed,0.8588,0.374,0.0,0.0267,0.4569,0.06479999999999997,0.8995,0.0672,0.7653,0.9371,1.0,0.0,0.1718,0.9236,0.0,0.89768,0.18276
0.9435,0.0199,0.0365,0.9236,0.6105,positive,NVDA,2021-04-01,Q2 2021,mixed,0.8588,0.374,0.0,0.0267,0.4569,0.06479999999999997,0.5489,0.3782,0.1294,0.9338,1.0,0.0,0.8044,0.9236,0.0,0.89768,0.18276
0.9435,0.0199,0.0365,0.9236,0.6105,positive,NVDA,2021-04-01,Q2 2021,mixed,0.8588,0.374,0.0,0.0267,0.4569,0.06479999999999997,0.8296,0.1995,0.4308,0.9364,1.0,0.0,0.5056,0.9236,0.0,0.89768,0.18276
0.9436,0.02,0.0364,0.9236,0.6106,positive,NVDA,2021-07-01,Q3 2021,mixed,0.8588,0.374,0.0,0.0267,0.0,0.06479999999999997,0.9234,0.0191,0.892,0.9453,1.0,0.0,0.0533,0.9236,0.0,0.89768,0.0
0.9436,0.02,0.0364,0.9236,0.6106,positive,NVDA,2021-07-01,Q3 2021,mixed,0.8588,0.374,0.0,0.0267,0.0,0.06479999999999997,0.2528,0.7686,-0.9601,0.9203,0.75,0.25,1.8804,0.9236,0.0,0.89768,0.0
0.9436,0.02,0.0364,0.9236,0.6106,positive,NVDA,2021-07-01,Q3 2021,mixed,0.8588,0.374,0.0,0.0267,0.0,0.06479999999999997,0.8996,0.0672,0.7653,0.9371,1.0,0.0,0.1718,0.9236,0.0,0.89768,0.0
0.9436,0.02,0.0364,0.9236,0.6106,positive,NVDA,2021-07-01,Q3 2021,mixed,0.8588,0.374,0.0,0.0267,0.0,0.06479999999999997,0.549,0.3782,0.1294,0.934,1.0,0.0,0.8046,0.9236,0.0,0.89768,0.0
0.9436,0.02,0.0364,0.9236,0.6106,positive,NVDA,2021-07-01,Q3 2021,mixed,0.8588,0.374,0.0,0.0267,0.0,0.06479999999999997,0.0484,0.7744,-0.9625,0.9187,0.6667,0.3333,1.8812,0.9236,0.0,0.89768,0.0
0.8044,0.016,0.1796,0.7884,0.4714,positive,NVDA,2021-10-01,Q4 2021,positive,0.4019,0.1036,0.0,0.0341,-0.4569,0.3865,0.9234,0.0191,0.892,0.9453,1.0,0.0,0.0533,0.9236,-0.1352,0.6337999999999999,-0.26388
0.8044,0.016,0.1796,0.7884,0.4714,positive,NVDA,2021-10-01,Q4 2021,positive,0.4019,0.1036,0.0,0.0341,-0.4569,0.3865,0.9324,0.0065,0.9219,0.9383,1.0,0.0,0.0164,0.7884,0.0,0.6337999999999999,-0.18276
0.8044,0.016,0.1796,0.7884,0.4714,positive,NVDA,2021-10-01,Q4 2021,positive,0.4019,0.1036,0.0,0.0341,-0.4569,0.3865,0.1558,0.7328,-0.9623,0.8327,0.5,0.25,1.795,0.7884,0.0,0.6337999999999999,-0.18276
0.8044,0.016,0.1796,0.7884,0.4714,positive,NVDA,2021-10-01,Q4 2021,positive,0.4019,0.1036,0.0,0.0341,-0.4569,0.3865,0.6687,0.2576,0.3442,0.9324,1.0,0.0,0.5882,0.7884,0.0,0.6337999999999999,-0.18276
0.8044,0.016,0.1796,0.7884,0.4714,positive,NVDA,2021-10-01,Q4 2021,positive,0.4019,0.1036,0.0,0.0341,-0.4569,0.3865,0.8297,0.1996,0.4308,0.9364,1.0,0.0,0.5056,0.7884,0.0,0.6337999999999999,-0.18276
0.8099,0.0157,0.1744,0.7941,0.4769,positive,NVDA,2022-01-01,Q1 2022,positive,0.4019,0.1036,0.0,0.0341,0.0,0.39220000000000005,0.1629,0.7821,-0.8587,0.9245,0.5,0.5,1.7832,0.7884,0.005700000000000038,0.63722,0.003420000000000023
0.8099,0.0157,0.1744,0.7941,0.4769,positive,NVDA,2022-01-01,Q1 2022,positive,0.4019,0.1036,0.0,0.0341,0.0,0.39220000000000005,0.9323,0.0064,0.9219,0.938,1.0,0.0,0.0161,0.7941,0.0,0.63722,0.0
0.8099,0.0157,0.1744,0.7941,0.4769,positive,NVDA,2022-01-01,Q1 2022,positive,0.4019,0.1036,0.0,0.0341,0.0,0.39220000000000005,0.8995,0.0671,0.7653,0.9371,1.0,0.0,0.1718,0.7941,0.0,0.63722,0.0
0.8099,0.0157,0.1744,0.7941,0.4769,positive,NVDA,2022-01-01,Q1 2022,positive,0.4019,0.1036,0.0,0.0341,0.0,0.39220000000000005,0.6686,0.2575,0.3442,0.9319,1.0,0.0,0.5877,0.7941,0.0,0.63722,0.0
0.8099,0.0157,0.1744,0.7941,0.4769,positive,NVDA,2022-01-01,Q1 2022,positive,0.4019,0.1036,0.0,0.0341,0.0,0.39220000000000005,0.2911,0.7255,-0.9002,0.891,0.75,0.25,1.7912,0.7941,0.0,0.63722,0.0
0.8069,0.0158,0.1774,0.7911,0.4739,positive,NVDA,2022-04-01,Q2 2022,positive,0.4019,0.1036,0.0,0.0341,0.0,0.38920000000000005,0.1638,0.7809,-0.8552,0.9245,0.5,0.5,1.7797,0.7941,-0.0030000000000000027,0.63542,-0.0018000000000000015
0.8069,0.0158,0.1774,0.7911,0.4739,positive,NVDA,2022-04-01,Q2 2022,positive,0.4019,0.1036,0.0,0.0341,0.0,0.38920000000000005,0.2526,0.7684,-0.9601,0.9192,0.75,0.25,1.8793,0.7911,0.0,0.63542,0.0
0.8069,0.0158,0.1774,0.7911,0.4739,positive,NVDA,2022-04-01,Q2 2022,positive,0.4019,0.1036,0.0,0.0341,0.0,0.38920000000000005,0.8994,0.0671,0.7653,0.9371,1.0,0.0,0.1718,0.7911,0.0,0.63542,0.0
0.8069,0.0158,0.1774,0.7911,0.4739,positive,NVDA,2022-04-01,Q2 2022,positive,0.4019,0.1036,0.0,0.0341,0.0,0.38920000000000005,0.6685,0.2574,0.3442,0.9316,1.0,0.0,0.5874,0.7911,0.0,0.63542,0.0
0.8069,0.0158,0.1774,0.7911,0.4739,positive,NVDA,2022-04-01,Q2 2022,positive,0.4019,0.1036,0.0,0.0341,0.0,0.38920000000000005,0.8297,0.1996,0.4308,0.9364,1.0,0.0,0.5056,0.7911,0.0,0.63542,0.0
0.8069,0.0157,0.1774,0.7913,0.4739,positive,NVDA,2022-07-01,Q3 2022,positive,0.4019,0.1036,0.0,0.0341,0.0,0.3894,0.1631,0.7818,-0.8579,0.9245,0.5,0.5,1.7824,0.7911,0.00019999999999997797,0.63554,0.00011999999999998678
0.8069,0.0157,0.1774,0.7913,0.4739,positive,NVDA,2022-07-01,Q3 2022,positive,0.4019,0.1036,0.0,0.0341,0.0,0.3894,0.9323,0.0064,0.9219,0.9379,1.0,0.0,0.016,0.7913,0.0,0.63554,0.0
0.8069,0.0157,0.1774,0.7913,0.4739,positive,NVDA,2022-07-01,Q3 2022,positive,0.4019,0.1036,0.0,0.0341,0.0,0.3894,0.1388,0.7378,-0.9623,0.8327,0.5,0.5,1.795,0.7913,0.0,0.63554,0.0
0.8069,0.0157,0.1774,0.7913,0.4739,positive,NVDA,2022-07-01,Q3 2022,positive,0.4019,0.1036,0.0,0.0341,0.0,0.3894,0.6685,0.2574,0.3442,0.9316,1.0,0.0,0.5874,0.7913,0.0,0.63554,0.0
0.8069,0.0157,0.1774,0.7913,0.4739,positive,NVDA,2022-07-01,Q3 2022,positive,0.4019,0.1036,0.0,0.0341,0.0,0.3894,0.2904,0.725,-0.9002,0.8882,0.75,0.25,1.7884,0.7913,0.0,0.63554,0.0
0.9421,0.021,0.0368,0.9211,0.6091,positive,NVDA,2022-10-01,Q4 2022,mixed,0.8588,0.374,0.0,0.0267,0.4569,0.06230000000000002,0.9235,0.0192,0.892,0.9453,1.0,0.0,0.0533,0.7913,0.12980000000000003,0.8961800000000001,0.26064000000000004
0.9421,0.021,0.0368,0.9211,0.6091,positive,NVDA,2022-10-01,Q4 2022,mixed,0.8588,0.374,0.0,0.0267,0.4569,0.06230000000000002,0.3963,0.4733,-0.2498,0.9064,0.75,0.25,1.1562,0.9211,0.0,0.8961800000000001,0.18276
0.9421,0.021,0.0368,0.9211,0.6091,positive,NVDA,2022-10-01,Q4 2022,mixed,0.8588,0.374,0.0,0.0267,0.4569,0.06230000000000002,0.8995,0.0672,0.7653,0.9371,1.0,0.0,0.1718,0.9211,0.0,0.8961800000000001,0.18276
0.9421,0.021,0.0368,0.9211,0.6091,positive,NVDA,2022-10-01,Q4 2022,mixed,0.8588,0.374,0.0,0.0267,0.4569,0.06230000000000002,0.5489,0.3782,0.1294,0.9339,1.0,0.0,0.8045,0.9211,0.0,0.8961800000000001,0.18276
0.9421,0.021,0.0368,0.9211,0.6091,positive,NVDA,2022-10-01,Q4 2022,mixed,0.8588,0.374,0.0,0.0267,0.4569,0.06230000000000002,0.2906,0.7251,-0.9002,0.8891,0.75,0.25,1.7893,0.9211,0.0,0.8961800000000001,0.18276
0.811,0.0157,0.1733,0.7952,0.478,positive,NVDA,2023-01-01,Q1 2023,positive,0.4019,0.1036,0.0,0.0341,-0.4569,0.39330000000000004,0.0759,0.6277,-0.9577,0.7054,0.75,0.25,1.6631,0.9211,-0.1259,0.63788,-0.25830000000000003
0.811,0.0157,0.1733,0.7952,0.478,positive,NVDA,2023-01-01,Q1 2023,positive,0.4019,0.1036,0.0,0.0341,-0.4569,0.39330000000000004,0.9323,0.0064,0.9219,0.9381,1.0,0.0,0.0162,0.7952,0.0,0.63788,-0.18276
0.811,0.0157,0.1733,0.7952,0.478,positive,NVDA,2023-01-01,Q1 2023,positive,0.4019,0.1036,0.0,0.0341,-0.4569,0.39330000000000004,0.8995,0.0671,0.7653,0.9371,1.0,0.0,0.1718,0.7952,0.0,0.63788,-0.18276
0.811,0.0157,0.1733,0.7952,0.478,positive,NVDA,2023-01-01,Q1 2023,positive,0.4019,0.1036,0.0,0.0341,-0.4569,0.39330000000000004,0.6686,0.2575,0.3442,0.932,1.0,0.0,0.5878,0.7952,0.0,0.63788,-0.18276
0.811,0.0157,0.1733,0.7952,0.478,positive,NVDA,2023-01-01,Q1 2023,positive,0.4019,0.1036,0.0,0.0341,-0.4569,0.39330000000000004,0.8298,0.1996,0.4308,0.9364,1.0,0.0,0.5056,0.7952,0.0,0.63788,-0.18276
0.9422,0.0209,0.037,0.9213,0.6092,positive,NVDA,2023-04-01,Q2 2023,mixed,0.8588,0.374,0.0,0.0267,0.4569,0.0625,0.1653,0.7789,-0.849,0.9245,0.5,0.5,1.7735,0.7952,0.1261,0.8963,0.25842
0.9422,0.0209,0.037,0.9213,0.6092,positive,NVDA,2023-04-01,Q2 2023,mixed,0.8588,0.374,0.0,0.0267,0.4569,0.0625,0.3956,0.4737,-0.2498,0.9064,0.75,0.25,1.1562,0.9213,0.0,0.8963,0.18276
0.9422,0.0209,0.037,0.9213,0.6092,positive,NVDA,2023-04-01,Q2 2023,mixed,0.8588,0.374,0.0,0.0267,0.4569,0.0625,0.8995,0.0671,0.7653,0.9371,1.0,0.0,0.1718,0.9213,0.0,0.8963,0.18276
0.9422,0.0209,0.037,0.9213,0.6092,positive,NVDA,2023-04-01,Q2 2023,mixed,0.8588,0.374,0.0,0.0267,0.4569,0.0625,0.5488,0.3781,0.1294,0.9335,1.0,0.0,0.8041,0.9213,0.0,0.8963,0.18276
0.9422,0.0209,0.037,0.9213,0.6092,positive,NVDA,2023-04-01,Q2 2023,mixed,0.8588,0.374,0.0,0.0267,0.4569,0.0625,0.0484,0.7745,-0.9627,0.9187,0.6667,0.3333,1.8814,0.9213,0.0,0.8963,0.18276
0.808,0.0157,0.1763,0.7924,0.475,positive,NVDA,2023-07-01,Q3 2023,positive,0.4019,0.1036,0.0,0.0341,-0.4569,0.3905,0.9235,0.0192,0.892,0.9453,1.0,0.0,0.0533,0.9213,-0.12890000000000001,0.6362,-0.2601
0.808,0.0157,0.1763,0.7924,0.475,positive,NVDA,2023-07-01,Q3 2023,positive,0.4019,0.1036,0.0,0.0341,-0.4569,0.3905,0.2524,0.7682,-0.9601,0.9183,0.75,0.25,1.8784,0.7924,0.0,0.6362,-0.18276
0.808,0.0157,0.1763,0.7924,0.475,positive,NVDA,2023-07-01,Q3 2023,positive,0.4019,0.1036,0.0,0.0341,-0.4569,0.3905,0.8995,0.0672,0.7653,0.9371,1.0,0.0,0.1718,0.7924,0.0,0.6362,-0.18276
0.808,0.0157,0.1763,0.7924,0.475,positive,NVDA,2023-07-01,Q3 2023,positive,0.4019,0.1036,0.0,0.0341,-0.4569,0.3905,0.6685,0.2575,0.3442,0.9317,1.0,0.0,0.5875,0.7924,0.0,0.6362,-0.18276
0.808,0.0157,0.1763,0.7924,0.475,positive,NVDA,2023-07-01,Q3 2023,positive,0.4019,0.1036,0.0,0.0341,-0.4569,0.3905,0.2907,0.7253,-0.9002,0.8896,0.75,0.25,1.7898,0.7924,0.0,0.6362,-0.18276
0.8092,0.0157,0.1751,0.7934,0.4762,positive,NVDA,2023-10-01,Q4 2023,positive,0.4019,0.1036,0.0,0.0341,0.0,0.3915,0.9235,0.0192,0.892,0.9453,1.0,0.0,0.0533,0.7924,0.0010000000000000009,0.6368,0.0006000000000000005
0.8092,0.0157,0.1751,0.7934,0.4762,positive,NVDA,2023-10-01,Q4 2023,positive,0.4019,0.1036,0.0,0.0341,0.0,0.3915,0.9323,0.0064,0.9219,0.9379,1.0,0.0,0.016,0.7934,0.0,0.6368,0.0
0.8092,0.0157,0.1751,0.7934,0.4762,positive,NVDA,2023-10-01,Q4 2023,positive,0.4019,0.1036,0.0,0.0341,0.0,0.3915,0.1508,0.7341,-0.9623,0.8327,0.5,0.25,1.795,0.7934,0.0,0.6368,0.0
0.8092,0.0157,0.1751,0.7934,0.4762,positive,NVDA,2023-10-01,Q4 2023,positive,0.4019,0.1036,0.0,0.0341,0.0,0.3915,0.6686,0.2575,0.3442,0.9318,1.0,0.0,0.5876,0.7934,0.0,0.6368,0.0
0.8092,0.0157,0.1751,0.7934,0.4762,positive,NVDA,2023-10-01,Q4 2023,positive,0.4019,0.1036,0.0,0.0341,0.0,0.3915,0.0484,0.7745,-0.9626,0.9187,0.6667,0.3333,1.8813,0.7934,0.0,0.6368,0.0
0.8073,0.0158,0.1769,0.7914,0.4743,positive,NVDA,2024-01-01,Q1 2024,positive,0.4019,0.1036,0.0,0.0341,0.0,0.3895,0.9235,0.0192,0.892,0.9453,1.0,0.0,0.0533,0.7934,-0.0020000000000000018,0.6355999999999999,-0.001200000000000001
0.8073,0.0158,0.1769,0.7914,0.4743,positive,NVDA,2024-01-01,Q1 2024,positive,0.4019,0.1036,0.0,0.0341,0.0,0.3895,0.9323,0.0064,0.9219,0.9381,1.0,0.0,0.0162,0.7914,0.0,0.6355999999999999,0.0
0.8073,0.0158,0.1769,0.7914,0.4743,positive,NVDA,2024-01-01,Q1 2024,positive,0.4019,0.1036,0.0,0.0341,0.0,0.3895,0.3476,0.7021,-0.807,0.9325,0.75,0.25,1.7395,0.7914,0.0,0.6355999999999999,0.0
0.8073,0.0158,0.1769,0.7914,0.4743,positive,NVDA,2024-01-01,Q1 2024,positive,0.4019,0.1036,0.0,0.0341,0.0,0.3895,0.6686,0.2575,0.3442,0.9318,1.0,0.0,0.5876,0.7914,0.0,0.6355999999999999,0.0
0.8073,0.0158,0.1769,0.7914,0.4743,positive,NVDA,2024-01-01,Q1 2024,positive,0.4019,0.1036,0.0,0.0341,0.0,0.3895,0.0483,0.7745,-0.9628,0.9187,0.6667,0.3333,1.8815,0.7914,0.0,0.6355999999999999,0.0
0.8046,0.0158,0.1796,0.7888,0.4716,positive,NVDA,2024-04-01,Q2 2024,positive,0.4019,0.1036,0.0,0.0341,0.0,0.38689999999999997,0.9235,0.0192,0.892,0.9453,1.0,0.0,0.0533,0.7914,-0.0026000000000000467,0.6340399999999999,-0.001560000000000028
0.8046,0.0158,0.1796,0.7888,0.4716,positive,NVDA,2024-04-01,Q2 2024,positive,0.4019,0.1036,0.0,0.0341,0.0,0.38689999999999997,0.2525,0.7683,-0.9601,0.9187,0.75,0.25,1.8788,0.7888,0.0,0.6340399999999999,0.0
0.8046,0.0158,0.1796,0.7888,0.4716,positive,NVDA,2024-04-01,Q2 2024,positive,0.4019,0.1036,0.0,0.0341,0.0,0.38689999999999997,0.1457,0.7356,-0.9623,0.8327,0.5,0.25,1.795,0.7888,0.0,0.6340399999999999,0.0
0.8046,0.0158,0.1796,0.7888,0.4716,positive,NVDA,2024-04-01,Q2 2024,positive,0.4019,0.1036,0.0,0.0341,0.0,0.38689999999999997,0.6685,0.2574,0.3442,0.9315,1.0,0.0,0.5873,0.7888,0.0,0.6340399999999999,0.0
0.8046,0.0158,0.1796,0.7888,0.4716,positive,NVDA,2024-04-01,Q2 2024,positive,0.4019,0.1036,0.0,0.0341,0.0,0.38689999999999997,0.2909,0.7254,-0.9002,0.8903,0.75,0.25,1.7905,0.7888,0.0,0.6340399999999999,0.0
0.8046,0.0157,0.1796,0.7889,0.4716,positive,NVDA,2024-07-01,Q3 2024,positive,0.4019,0.1036,0.0,0.0341,0.0,0.38700000000000007,0.9235,0.0192,0.892,0.9453,1.0,0.0,0.0533,0.7888,0.00010000000000010001,0.6341,6.0000000000060005e-05
0.8046,0.0157,0.1796,0.7889,0.4716,positive,NVDA,2024-07-01,Q3 2024,positive,0.4019,0.1036,0.0,0.0341,0.0,0.38700000000000007,0.252,0.7679,-0.9601,0.9171,0.75,0.25,1.8772,0.7889,0.0,0.6341,0.0
0.8046,0.0157,0.1796,0.7889,0.4716,positive,NVDA,2024-07-01,Q3 2024,positive,0.4019,0.1036,0.0,0.0341,0.0,0.38700000000000007,0.8995,0.0672,0.7653,0.9371,1.0,0.0,0.1718,0.7889,0.0,0.6341,0.0
0.8046,0.0157,0.1796,0.7889,0.4716,positive,NVDA,2024-07-01,Q3 2024,positive,0.4019,0.1036,0.0,0.0341,0.0,0.38700000000000007,0.6685,0.2574,0.3442,0.9315,1.0,0.0,0.5873,0.7889,0.0,0.6341,0.0
0.8046,0.0157,0.1796,0.7889,0.4716,positive,NVDA,2024-07-01,Q3 2024,positive,0.4019,0.1036,0.0,0.0341,0.0,0.38700000000000007,0.0484,0.7745,-0.9626,0.9187,0.6667,0.3333,1.8813,0.7889,0.0,0.6341,0.0
0.8055,0.0158,0.1787,0.7897,0.4725,positive,NVDA,2024-10-01,Q4 2024,positive,0.4019,0.1036,0.0,0.0341,0.0,0.3878,0.9235,0.0192,0.892,0.9453,1.0,0.0,0.0533,0.7889,0.0007999999999999119,0.6345799999999999,0.0004799999999999471
0.8055,0.0158,0.1787,0.7897,0.4725,positive,NVDA,2024-10-01,Q4 2024,positive,0.4019,0.1036,0.0,0.0341,0.0,0.3878,0.2521,0.768,-0.9601,0.9173,0.75,0.25,1.8774,0.7897,0.0,0.6345799999999999,0.0
0.8055,0.0158,0.1787,0.7897,0.4725,positive,NVDA,2024-10-01,Q4 2024,positive,0.4019,0.1036,0.0,0.0341,0.0,0.3878,0.8995,0.0672,0.7653,0.9371,1.0,0.0,0.1718,0.7897,0.0,0.6345799999999999,0.0
0.8055,0.0158,0.1787,0.7897,0.4725,positive,NVDA,2024-10-01,Q4 2024,positive,0.4019,0.1036,0.0,0.0341,0.0,0.3878,0.6685,0.2574,0.3442,0.9315,1.0,0.0,0.5873,0.7897,0.0,0.6345799999999999,0.0
0.8055,0.0158,0.1787,0.7897,0.4725,positive,NVDA,2024-10-01,Q4 2024,positive,0.4019,0.1036,0.0,0.0341,0.0,0.3878,0.8298,0.1996,0.4308,0.9364,1.0,0.0,0.5056,0.7897,0.0,0.6345799999999999,0.0
0.8515,0.0599,0.0886,0.7915,0.5185,positive,TSLA,2020-04-01,Q2 2020,mixed,-0.0772,-0.0689,0.0127,-0.0127,,0.8687,0.9235,0.0192,0.892,0.9453,1.0,0.0,0.0533,,,0.44401999999999997,0.0
0.8515,0.0599,0.0886,0.7915,0.5185,positive,TSLA,2020-04-01,Q2 2020,mixed,-0.0772,-0.0689,0.0127,-0.0127,,0.8687,0.9324,0.0065,0.9219,0.9383,1.0,0.0,0.0164,0.7915,0.0,0.44401999999999997,0.0
0.8515,0.0599,0.0886,0.7915,0.5185,positive,TSLA,2020-04-01,Q2 2020,mixed,-0.0772,-0.0689,0.0127,-0.0127,,0.8687,0.8997,0.0673,0.7653,0.9371,1.0,0.0,0.1718,0.7915,0.0,0.44401999999999997,0.0
0.8515,0.0599,0.0886,0.7915,0.5185,positive,TSLA,2020-04-01,Q2 2020,mixed,-0.0772,-0.0689,0.0127,-0.0127,,0.8687,0.5491,0.3784,0.1294,0.9346,1.0,0.0,0.8052,0.7915,0.0,0.44401999999999997,0.0
0.8515,0.0599,0.0886,0.7915,0.5185,positive,TSLA,2020-04-01,Q2 2020,mixed,-0.0772,-0.0689,0.0127,-0.0127,,0.8687,0.2902,0.7248,-0.9002,0.8874,0.75,0.25,1.7876,0.7915,0.0,0.44401999999999997,0.0
0.9475,0.0107,0.0417,0.9368,0.6145,positive,TSLA,2020-07-01,Q3 2020,positive,0.9551,0.4736,0.0,0.0588,1.0323,-0.018299999999999983,0.1059,0.6452,-0.9577,0.7054,0.75,0.25,1.6631,0.7915,0.14529999999999998,0.9441199999999998,0.5001
0.9475,0.0107,0.0417,0.9368,0.6145,positive,TSLA,2020-07-01,Q3 2020,positive,0.9551,0.4736,0.0,0.0588,1.0323,-0.018299999999999983,0.9324,0.0065,0.9219,0.9384,1.0,0.0,0.0165,0.9368,0.0,0.9441199999999998,0.41292
0.9475,0.0107,0.0417,0.9368,0.6145,positive,TSLA,2020-07-01,Q3 2020,positive,0.9551,0.4736,0.0,0.0588,1.0323,-0.018299999999999983,0.1512,0.734,-0.9623,0.8327,0.5,0.25,1.795,0.9368,0.0,0.9441199999999998,0.41292
0.9475,0.0107,0.0417,0.9368,0.6145,positive,TSLA,2020-07-01,Q3 2020,positive,0.9551,0.4736,0.0,0.0588,1.0323,-0.018299999999999983,0.6686,0.2575,0.3442,0.9318,1.0,0.0,0.5876,0.9368,0.0,0.9441199999999998,0.41292
0.9475,0.0107,0.0417,0.9368,0.6145,positive,TSLA,2020-07-01,Q3 2020,positive,0.9551,0.4736,0.0,0.0588,1.0323,-0.018299999999999983,0.8298,0.1996,0.4308,0.9364,1.0,0.0,0.5056,0.9368,0.0,0.9441199999999998,0.41292
0.9477,0.0107,0.0416,0.937,0.6147,positive,TSLA,2020-10-01,Q4 2020,positive,0.9551,0.4736,0.0,0.0588,0.0,-0.018099999999999894,0.1702,0.7726,-0.8296,0.9245,0.5,0.5,1.7541,0.9368,0.000200000000000089,0.94424,0.00012000000000005339
0.9477,0.0107,0.0416,0.937,0.6147,positive,TSLA,2020-10-01,Q4 2020,positive,0.9551,0.4736,0.0,0.0588,0.0,-0.018099999999999894,0.9324,0.0065,0.9219,0.9385,1.0,0.0,0.0166,0.937,0.0,0.94424,0.0
0.9477,0.0107,0.0416,0.937,0.6147,positive,TSLA,2020-10-01,Q4 2020,positive,0.9551,0.4736,0.0,0.0588,0.0,-0.018099999999999894,0.8998,0.0673,0.7653,0.9371,1.0,0.0,0.1718,0.937,0.0,0.94424,0.0
0.9477,0.0107,0.0416,0.937,0.6147,positive,TSLA,2020-10-01,Q4 2020,positive,0.9551,0.4736,0.0,0.0588,0.0,-0.018099999999999894,0.6686,0.2575,0.3442,0.9319,1.0,0.0,0.5877,0.937,0.0,0.94424,0.0
0.9477,0.0107,0.0416,0.937,0.6147,positive,TSLA,2020-10-01,Q4 2020,positive,0.9551,0.4736,0.0,0.0588,0.0,-0.018099999999999894,0.8298,0.1996,0.4308,0.9364,1.0,0.0,0.5056,0.937,0.0,0.94424,0.0
0.9484,0.0108,0.0408,0.9376,0.6154,positive,TSLA,2021-01-01,Q1 2021,positive,0.9551,0.4736,0.0,0.0588,0.0,-0.01749999999999996,0.1619,0.7834,-0.8628,0.9245,0.5,0.5,1.7873,0.937,0.0005999999999999339,0.9445999999999999,0.00035999999999996034
0.9484,0.0108,0.0408,0.9376,0.6154,positive,TSLA,2021-01-01,Q1 2021,positive,0.9551,0.4736,0.0,0.0588,0.0,-0.01749999999999996,0.9324,0.0065,0.9219,0.9383,1.0,0.0,0.0164,0.9376,0.0,0.9445999999999999,0.0
0.9484,0.0108,0.0408,0.9376,0.6154,positive,TSLA,2021-01-01,Q1 2021,positive,0.9551,0.4736,0.0,0.0588,0.0,-0.01749999999999996,0.8995,0.0672,0.7653,0.9371,1.0,0.0,0.1718,0.9376,0.0,0.9445999999999999,0.0
0.9484,0.0108,0.0408,0.9376,0.6154,positive,TSLA,2021-01-01,Q1 2021,positive,0.9551,0.4736,0.0,0.0588,0.0,-0.01749999999999996,0.6687,0.2576,0.3442,0.9323,1.0,0.0,0.5881,0.9376,0.0,0.9445999999999999,0.0
0.9484,0.0108,0.0408,0.9376,0.6154,positive,TSLA,2021-01-01,Q1 2021,positive,0.9551,0.4736,0.0,0.0588,0.0,-0.01749999999999996,0.8297,0.1995,0.4308,0.9364,1.0,0.0,0.5056,0.9376,0.0,0.9445999999999999,0.0
0.948,0.0108,0.0412,0.9372,0.615,positive,TSLA,2021-04-01,Q2 2021,positive,0.9551,0.4736,0.0,0.0588,0.0,-0.017899999999999916,0.9234,0.0191,0.892,0.9453,1.0,0.0,0.0533,0.9376,-0.00039999999999995595,0.9443600000000001,-0.00023999999999997355
0.948,0.0108,0.0412,0.9372,0.615,positive,TSLA,2021-04-01,Q2 2021,positive,0.9551,0.4736,0.0,0.0588,0.0,-0.017899999999999916,0.9324,0.0064,0.9219,0.9382,1.0,0.0,0.0163,0.9372,0.0,0.9443600000000001,0.0
0.948,0.0108,0.0412,0.9372,0.615,positive,TSLA,2021-04-01,Q2 2021,positive,0.9551,0.4736,0.0,0.0588,0.0,-0.017899999999999916,0.8995,0.0672,0.7653,0.9371,1.0,0.0,0.1718,0.9372,0.0,0.9443600000000001,0.0
0.948,0.0108,0.0412,0.9372,0.615,positive,TSLA,2021-04-01,Q2 2021,positive,0.9551,0.4736,0.0,0.0588,0.0,-0.017899999999999916,0.5489,0.3782,0.1294,0.9338,1.0,0.0,0.8044,0.9372,0.0,0.9443600000000001,0.0
0.948,0.0108,0.0412,0.9372,0.615,positive,TSLA,2021-04-01,Q2 2021,positive,0.9551,0.4736,0.0,0.0588,0.0,-0.017899999999999916,0.8296,0.1995,0.4308,0.9364,1.0,0.0,0.5056,0.9372,0.0,0.9443600000000001,0.0
0.0473,0.8837,0.0691,-0.8364,0.5507,negative,TSLA,2021-07-01,Q3 2021,cautious,0.8834,0.4485,0.0147,-0.0294,-0.0716999999999999,-1.7198,0.9234,0.0191,0.892,0.9453,1.0,0.0,0.0533,0.9372,-1.7736,-0.14847999999999995,-1.09284
0.0473,0.8837,0.0691,-0.8364,0.5507,negative,TSLA,2021-07-01,Q3 2021,cautious,0.8834,0.4485,0.0147,-0.0294,-0.0716999999999999,-1.7198,0.2528,0.7686,-0.9601,0.9203,0.75,0.25,1.8804,-0.8364,0.0,-0.14847999999999995,-0.028679999999999962
0.0473,0.8837,0.0691,-0.8364,0.5507,negative,TSLA,2021-07-01,Q3 2021,cautious,0.8834,0.4485,0.0147,-0.0294,-0.0716999999999999,-1.7198,0.8996,0.0672,0.7653,0.9371,1.0,0.0,0.1718,-0.8364,0.0,-0.14847999999999995,-0.028679999999999962
0.0473,0.8837,0.0691,-0.8364,0.5507,negative,TSLA,2021-07-01,Q3 2021,cautious,0.8834,0.4485,0.0147,-0.0294,-0.0716999999999999,-1.7198,0.549,0.3782,0.1294,0.934,1.0,0.0,0.8046,-0.8364,0.0,-0.14847999999999995,-0.028679999999999962
0.0473,0.8837,0.0691,-0.8364,0.5507,negative,TSLA,2021-07-01,Q3 2021,cautious,0.8834,0.4485,0.0147,-0.0294,-0.0716999999999999,-1.7198,0.0484,0.7744,-0.9625,0.9187,0.6667,0.3333,1.8812,-0.8364,0.0,-0.14847999999999995,-0.028679999999999962
0.9481,0.0108,0.0411,0.9373,0.6151,positive,TSLA,2021-10-01,Q4 2021,positive,0.9551,0.4736,0.0,0.0588,0.0716999999999999,-0.017799999999999927,0.9234,0.0191,0.892,0.9453,1.0,0.0,0.0533,-0.8364,1.7737,0.94442,1.0929
0.9481,0.0108,0.0411,0.9373,0.6151,positive,TSLA,2021-10-01,Q4 2021,positive,0.9551,0.4736,0.0,0.0588,0.0716999999999999,-0.017799999999999927,0.9324,0.0065,0.9219,0.9383,1.0,0.0,0.0164,0.9373,0.0,0.94442,0.028679999999999962
0.9481,0.0108,0.0411,0.9373,0.6151,positive,TSLA,2021-10-01,Q4 2021,positive,0.9551,0.4736,0.0,0.0588,0.0716999999999999,-0.017799999999999927,0.1558,0.7328,-0.9623,0.8327,0.5,0.25,1.795,0.9373,0.0,0.94442,0.028679999999999962
0.9481,0.0108,0.0411,0.9373,0.6151,positive,TSLA,2021-10-01,Q4 2021,positive,0.9551,0.4736,0.0,0.0588,0.0716999999999999,-0.017799999999999927,0.6687,0.2576,0.3442,0.9324,1.0,0.0,0.5882,0.9373,0.0,0.94442,0.028679999999999962
0.9481,0.0108,0.0411,0.9373,0.6151,positive,TSLA,2021-10-01,Q4 2021,positive,0.9551,0.4736,0.0,0.0588,0.0716999999999999,-0.017799999999999927,0.8297,0.1996,0.4308,0.9364,1.0,0.0,0.5056,0.9373,0.0,0.94442,0.028679999999999962
0.815,0.0878,0.0972,0.7271,0.482,positive,TSLA,2022-01-01,Q1 2022,mixed,-0.0772,-0.0689,0.0127,-0.0127,-1.0323,0.8043,0.1629,0.7821,-0.8587,0.9245,0.5,0.5,1.7832,0.9373,-0.21020000000000005,0.40537999999999996,-0.5390400000000001
0.815,0.0878,0.0972,0.7271,0.482,positive,TSLA,2022-01-01,Q1 2022,mixed,-0.0772,-0.0689,0.0127,-0.0127,-1.0323,0.8043,0.9323,0.0064,0.9219,0.938,1.0,0.0,0.0161,0.7271,0.0,0.40537999999999996,-0.41292
0.815,0.0878,0.0972,0.7271,0.482,positive,TSLA,2022-01-01,Q1 2022,mixed,-0.0772,-0.0689,0.0127,-0.0127,-1.0323,0.8043,0.8995,0.0671,0.7653,0.9371,1.0,0.0,0.1718,0.7271,0.0,0.40537999999999996,-0.41292
0.815,0.0878,0.0972,0.7271,0.482,positive,TSLA,2022-01-01,Q1 2022,mixed,-0.0772,-0.0689,0.0127,-0.0127,-1.0323,0.8043,0.6686,0.2575,0.3442,0.9319,1.0,0.0,0.5877,0.7271,0.0,0.40537999999999996,-0.41292
0.815,0.0878,0.0972,0.7271,0.482,positive,TSLA,2022-01-01,Q1 2022,mixed,-0.0772,-0.0689,0.0127,-0.0127,-1.0323,0.8043,0.2911,0.7255,-0.9002,0.891,0.75,0.25,1.7912,0.7271,0.0,0.40537999999999996,-0.41292
0.9491,0.011,0.0399,0.9381,0.6161,positive,TSLA,2022-04-01,Q2 2022,positive,0.9551,0.4736,0.0,0.0588,1.0323,-0.016999999999999904,0.1638,0.7809,-0.8552,0.9245,0.5,0.5,1.7797,0.7271,0.21100000000000008,0.9449000000000001,0.53952
0.9491,0.011,0.0399,0.9381,0.6161,positive,TSLA,2022-04-01,Q2 2022,positive,0.9551,0.4736,0.0,0.0588,1.0323,-0.016999999999999904,0.2526,0.7684,-0.9601,0.9192,0.75,0.25,1.8793,0.9381,0.0,0.9449000000000001,0.41292
0.9491,0.011,0.0399,0.9381,0.6161,positive,TSLA,2022-04-01,Q2 2022,positive,0.9551,0.4736,0.0,0.0588,1.0323,-0.016999999999999904,0.8994,0.0671,0.7653,0.9371,1.0,0.0,0.1718,0.9381,0.0,0.9449000000000001,0.41292
0.9491,0.011,0.0399,0.9381,0.6161,positive,TSLA,2022-04-01,Q2 2022,positive,0.9551,0.4736,0.0,0.0588,1.0323,-0.016999999999999904,0.6685,0.2574,0.3442,0.9316,1.0,0.0,0.5874,0.9381,0.0,0.9449000000000001,0.41292
0.9491,0.011,0.0399,0.9381,0.6161,positive,TSLA,2022-04-01,Q2 2022,positive,0.9551,0.4736,0.0,0.0588,1.0323,-0.016999999999999904,0.8297,0.1996,0.4308,0.9364,1.0,0.0,0.5056,0.9381,0.0,0.9449000000000001,0.41292
0.8089,0.0898,0.1013,0.7192,0.4759,positive,TSLA,2022-07-01,Q3 2022,mixed,-0.0772,-0.0689,0.0127,-0.0127,-1.0323,0.7964,0.1631,0.7818,-0.8579,0.9245,0.5,0.5,1.7824,0.9381,-0.2189000000000001,0.40063999999999994,-0.5442600000000001
0.8089,0.0898,0.1013,0.7192,0.4759,positive,TSLA,2022-07-01,Q3 2022,mixed,-0.0772,-0.0689,0.0127,-0.0127,-1.0323,0.7964,0.9323,0.0064,0.9219,0.9379,1.0,0.0,0.016,0.7192,0.0,0.40063999999999994,-0.41292
0.8089,0.0898,0.1013,0.7192,0.4759,positive,TSLA,2022-07-01,Q3 2022,mixed,-0.0772,-0.0689,0.0127,-0.0127,-1.0323,0.7964,0.1388,0.7378,-0.9623,0.8327,0.5,0.5,1.795,0.7192,0.0,0.40063999999999994,-0.41292
0.8089,0.0898,0.1013,0.7192,0.4759,positive,TSLA,2022-07-01,Q3 2022,mixed,-0.0772,-0.0689,0.0127,-0.0127,-1.0323,0.7964,0.6685,0.2574,0.3442,0.9316,1.0,0.0,0.5874,0.7192,0.0,0.40063999999999994,-0.41292
0.8089,0.0898,0.1013,0.7192,0.4759,positive,TSLA,2022-07-01,Q3 2022,mixed,-0.0772,-0.0689,0.0127,-0.0127,-1.0323,0.7964,0.2904,0.725,-0.9002,0.8882,0.75,0.25,1.7884,0.7192,0.0,0.40063999999999994,-0.41292
0.8094,0.0901,0.1005,0.7193,0.4764,positive,TSLA,2022-10-01,Q4 2022,mixed,-0.0772,-0.0689,0.0127,-0.0127,0.0,0.7965000000000001,0.9235,0.0192,0.892,0.9453,1.0,0.0,0.0533,0.7192,0.00010000000000010001,0.4007,6.0000000000060005e-05
0.8094,0.0901,0.1005,0.7193,0.4764,positive,TSLA,2022-10-01,Q4 2022,mixed,-0.0772,-0.0689,0.0127,-0.0127,0.0,0.7965000000000001,0.3963,0.4733,-0.2498,0.9064,0.75,0.25,1.1562,0.7193,0.0,0.4007,0.0
0.8094,0.0901,0.1005,0.7193,0.4764,positive,TSLA,2022-10-01,Q4 2022,mixed,-0.0772,-0.0689,0.0127,-0.0127,0.0,0.7965000000000001,0.8995,0.0672,0.7653,0.9371,1.0,0.0,0.1718,0.7193,0.0,0.4007,0.0
0.8094,0.0901,0.1005,0.7193,0.4764,positive,TSLA,2022-10-01,Q4 2022,mixed,-0.0772,-0.0689,0.0127,-0.0127,0.0,0.7965000000000001,0.5489,0.3782,0.1294,0.9339,1.0,0.0,0.8045,0.7193,0.0,0.4007,0.0
0.8094,0.0901,0.1005,0.7193,0.4764,positive,TSLA,2022-10-01,Q4 2022,mixed,-0.0772,-0.0689,0.0127,-0.0127,0.0,0.7965000000000001,0.2906,0.7251,-0.9002,0.8891,0.75,0.25,1.7893,0.7193,0.0,0.4007,0.0
0.9495,0.0111,0.0394,0.9384,0.6165,positive,TSLA,2023-01-01,Q1 2023,positive,0.9551,0.4736,0.0,0.0588,1.0323,-0.016699999999999937,0.0759,0.6277,-0.9577,0.7054,0.75,0.25,1.6631,0.7193,0.21909999999999996,0.9450799999999999,0.54438
0.9495,0.0111,0.0394,0.9384,0.6165,positive,TSLA,2023-01-01,Q1 2023,positive,0.9551,0.4736,0.0,0.0588,1.0323,-0.016699999999999937,0.9323,0.0064,0.9219,0.9381,1.0,0.0,0.0162,0.9384,0.0,0.9450799999999999,0.41292
0.9495,0.0111,0.0394,0.9384,0.6165,positive,TSLA,2023-01-01,Q1 2023,positive,0.9551,0.4736,0.0,0.0588,1.0323,-0.016699999999999937,0.8995,0.0671,0.7653,0.9371,1.0,0.0,0.1718,0.9384,0.0,0.9450799999999999,0.41292
0.9495,0.0111,0.0394,0.9384,0.6165,positive,TSLA,2023-01-01,Q1 2023,positive,0.9551,0.4736,0.0,0.0588,1.0323,-0.016699999999999937,0.6686,0.2575,0.3442,0.932,1.0,0.0,0.5878,0.9384,0.0,0.9450799999999999,0.41292
0.9495,0.0111,0.0394,0.9384,0.6165,positive,TSLA,2023-01-01,Q1 2023,positive,0.9551,0.4736,0.0,0.0588,1.0323,-0.016699999999999937,0.8298,0.1996,0.4308,0.9364,1.0,0.0,0.5056,0.9384,0.0,0.9450799999999999,0.41292
0.0482,0.8757,0.0761,-0.8275,0.5427,negative,TSLA,2023-04-01,Q2 2023,cautious,0.8834,0.4485,0.0147,-0.0294,-0.0716999999999999,-1.7109,0.1653,0.7789,-0.849,0.9245,0.5,0.5,1.7735,0.9384,-1.7659,-0.14314,-1.08822
0.0482,0.8757,0.0761,-0.8275,0.5427,negative,TSLA,2023-04-01,Q2 2023,cautious,0.8834,0.4485,0.0147,-0.0294,-0.0716999999999999,-1.7109,0.3956,0.4737,-0.2498,0.9064,0.75,0.25,1.1562,-0.8275,0.0,-0.14314,-0.028679999999999962
0.0482,0.8757,0.0761,-0.8275,0.5427,negative,TSLA,2023-04-01,Q2 2023,cautious,0.8834,0.4485,0.0147,-0.0294,-0.0716999999999999,-1.7109,0.8995,0.0671,0.7653,0.9371,1.0,0.0,0.1718,-0.8275,0.0,-0.14314,-0.028679999999999962
0.0482,0.8757,0.0761,-0.8275,0.5427,negative,TSLA,2023-04-01,Q2 2023,cautious,0.8834,0.4485,0.0147,-0.0294,-0.0716999999999999,-1.7109,0.5488,0.3781,0.1294,0.9335,1.0,0.0,0.8041,-0.8275,0.0,-0.14314,-0.028679999999999962
0.0482,0.8757,0.0761,-0.8275,0.5427,negative,TSLA,2023-04-01,Q2 2023,cautious,0.8834,0.4485,0.0147,-0.0294,-0.0716999999999999,-1.7109,0.0484,0.7745,-0.9627,0.9187,0.6667,0.3333,1.8814,-0.8275,0.0,-0.14314,-0.028679999999999962
0.8112,0.0886,0.1001,0.7226,0.4782,positive,TSLA,2023-07-01,Q3 2023,mixed,-0.0772,-0.0689,0.0127,-0.0127,-0.9606,0.7998000000000001,0.9235,0.0192,0.892,0.9453,1.0,0.0,0.0533,-0.8275,1.5501,0.40268,0.54582
0.8112,0.0886,0.1001,0.7226,0.4782,positive,TSLA,2023-07-01,Q3 2023,mixed,-0.0772,-0.0689,0.0127,-0.0127,-0.9606,0.7998000000000001,0.2524,0.7682,-0.9601,0.9183,0.75,0.25,1.8784,0.7226,0.0,0.40268,-0.38424
0.8112,0.0886,0.1001,0.7226,0.4782,positive,TSLA,2023-07-01,Q3 2023,mixed,-0.0772,-0.0689,0.0127,-0.0127,-0.9606,0.7998000000000001,0.8995,0.0672,0.7653,0.9371,1.0,0.0,0.1718,0.7226,0.0,0.40268,-0.38424
0.8112,0.0886,0.1001,0.7226,0.4782,positive,TSLA,2023-07-01,Q3 2023,mixed,-0.0772,-0.0689,0.0127,-0.0127,-0.9606,0.7998000000000001,0.6685,0.2575,0.3442,0.9317,1.0,0.0,0.5875,0.7226,0.0,0.40268,-0.38424
0.8112,0.0886,0.1001,0.7226,0.4782,positive,TSLA,2023-07-01,Q3 2023,mixed,-0.0772,-0.0689,0.0127,-0.0127,-0.9606,0.7998000000000001,0.2907,0.7253,-0.9002,0.8896,0.75,0.25,1.7898,0.7226,0.0,0.40268,-0.38424
0.0485,0.8752,0.0762,-0.8267,0.5422,negative,TSLA,2023-10-01,Q4 2023,cautious,0.8834,0.4485,0.0147,-0.0294,0.9606,-1.7101,0.9235,0.0192,0.892,0.9453,1.0,0.0,0.0533,0.7226,-1.5493000000000001,-0.14265999999999995,-0.54534
0.0485,0.8752,0.0762,-0.8267,0.5422,negative,TSLA,2023-10-01,Q4 2023,cautious,0.8834,0.4485,0.0147,-0.0294,0.9606,-1.7101,0.9323,0.0064,0.9219,0.9379,1.0,0.0,0.016,-0.8267,0.0,-0.14265999999999995,0.38424
0.0485,0.8752,0.0762,-0.8267,0.5422,negative,TSLA,2023-10-01,Q4 2023,cautious,0.8834,0.4485,0.0147,-0.0294,0.9606,-1.7101,0.1508,0.7341,-0.9623,0.8327,0.5,0.25,1.795,-0.8267,0.0,-0.14265999999999995,0.38424
0.0485,0.8752,0.0762,-0.8267,0.5422,negative,TSLA,2023-10-01,Q4 2023,cautious,0.8834,0.4485,0.0147,-0.0294,0.9606,-1.7101,0.6686,0.2575,0.3442,0.9318,1.0,0.0,0.5876,-0.8267,0.0,-0.14265999999999995,0.38424
0.0485,0.8752,0.0762,-0.8267,0.5422,negative,TSLA,2023-10-01,Q4 2023,cautious,0.8834,0.4485,0.0147,-0.0294,0.9606,-1.7101,0.0484,0.7745,-0.9626,0.9187,0.6667,0.3333,1.8813,-0.8267,0.0,-0.14265999999999995,0.38424
0.0479,0.8782,0.0739,-0.8304,0.5452,negative,TSLA,2024-01-01,Q1 2024,cautious,0.8834,0.4485,0.0147,-0.0294,0.0,-1.7138,0.9235,0.0192,0.892,0.9453,1.0,0.0,0.0533,-0.8267,-0.0037000000000000366,-0.14488,-0.002220000000000022
0.0479,0.8782,0.0739,-0.8304,0.5452,negative,TSLA,2024-01-01,Q1 2024,cautious,0.8834,0.4485,0.0147,-0.0294,0.0,-1.7138,0.9323,0.0064,0.9219,0.9381,1.0,0.0,0.0162,-0.8304,0.0,-0.14488,0.0
0.0479,0.8782,0.0739,-0.8304,0.5452,negative,TSLA,2024-01-01,Q1 2024,cautious,0.8834,0.4485,0.0147,-0.0294,0.0,-1.7138,0.3476,0.7021,-0.807,0.9325,0.75,0.25,1.7395,-0.8304,0.0,-0.14488,0.0
0.0479,0.8782,0.0739,-0.8304,0.5452,negative,TSLA,2024-01-01,Q1 2024,cautious,0.8834,0.4485,0.0147,-0.0294,0.0,-1.7138,0.6686,0.2575,0.3442,0.9318,1.0,0.0,0.5876,-0.8304,0.0,-0.14488,0.0
0.0479,0.8782,0.0739,-0.8304,0.5452,negative,TSLA,2024-01-01,Q1 2024,cautious,0.8834,0.4485,0.0147,-0.0294,0.0,-1.7138,0.0483,0.7745,-0.9628,0.9187,0.6667,0.3333,1.8815,-0.8304,0.0,-0.14488,0.0
0.8116,0.0874,0.101,0.7242,0.4786,positive,TSLA,2024-04-01,Q2 2024,mixed,-0.0772,-0.0689,0.0127,-0.0127,-0.9606,0.8014,0.9235,0.0192,0.892,0.9453,1.0,0.0,0.0533,-0.8304,1.5546,0.40363999999999994,0.5485199999999999
0.8116,0.0874,0.101,0.7242,0.4786,positive,TSLA,2024-04-01,Q2 2024,mixed,-0.0772,-0.0689,0.0127,-0.0127,-0.9606,0.8014,0.2525,0.7683,-0.9601,0.9187,0.75,0.25,1.8788,0.7242,0.0,0.40363999999999994,-0.38424
0.8116,0.0874,0.101,0.7242,0.4786,positive,TSLA,2024-04-01,Q2 2024,mixed,-0.0772,-0.0689,0.0127,-0.0127,-0.9606,0.8014,0.1457,0.7356,-0.9623,0.8327,0.5,0.25,1.795,0.7242,0.0,0.40363999999999994,-0.38424
0.8116,0.0874,0.101,0.7242,0.4786,positive,TSLA,2024-04-01,Q2 2024,mixed,-0.0772,-0.0689,0.0127,-0.0127,-0.9606,0.8014,0.6685,0.2574,0.3442,0.9315,1.0,0.0,0.5873,0.7242,0.0,0.40363999999999994,-0.38424
0.8116,0.0874,0.101,0.7242,0.4786,positive,TSLA,2024-04-01,Q2 2024,mixed,-0.0772,-0.0689,0.0127,-0.0127,-0.9606,0.8014,0.2909,0.7254,-0.9002,0.8903,0.75,0.25,1.7905,0.7242,0.0,0.40363999999999994,-0.38424
0.0476,0.8767,0.0757,-0.829,0.5437,negative,TSLA,2024-07-01,Q3 2024,cautious,0.8834,0.4485,0.0147,-0.0294,0.9606,-1.7124,0.9235,0.0192,0.892,0.9453,1.0,0.0,0.0533,0.7242,-1.5532,-0.14403999999999995,-0.5476799999999998
0.0476,0.8767,0.0757,-0.829,0.5437,negative,TSLA,2024-07-01,Q3 2024,cautious,0.8834,0.4485,0.0147,-0.0294,0.9606,-1.7124,0.252,0.7679,-0.9601,0.9171,0.75,0.25,1.8772,-0.829,0.0,-0.14403999999999995,0.38424
0.0476,0.8767,0.0757,-0.829,0.5437,negative,TSLA,2024-07-01,Q3 2024,cautious,0.8834,0.4485,0.0147,-0.0294,0.9606,-1.7124,0.8995,0.0672,0.7653,0.9371,1.0,0.0,0.1718,-0.829,0.0,-0.14403999999999995,0.38424
0.0476,0.8767,0.0757,-0.829,0.5437,negative,TSLA,2024-07-01,Q3 2024,cautious,0.8834,0.4485,0.0147,-0.0294,0.9606,-1.7124,0.6685,0.2574,0.3442,0.9315,1.0,0.0,0.5873,-0.829,0.0,-0.14403999999999995,0.38424
0.0476,0.8767,0.0757,-0.829,0.5437,negative,TSLA,2024-07-01,Q3 2024,cautious,0.8834,0.4485,0.0147,-0.0294,0.9606,-1.7124,0.0484,0.7745,-0.9626,0.9187,0.6667,0.3333,1.8813,-0.829,0.0,-0.14403999999999995,0.38424
0.9491,0.011,0.0399,0.9382,0.6161,positive,TSLA,2024-10-01,Q4 2024,positive,0.9551,0.4736,0.0,0.0588,0.0716999999999999,-0.016899999999999915,0.9235,0.0192,0.892,0.9453,1.0,0.0,0.0533,-0.829,1.7671999999999999,0.94496,1.089
0.9491,0.011,0.0399,0.9382,0.6161,positive,TSLA,2024-10-01,Q4 2024,positive,0.9551,0.4736,0.0,0.0588,0.0716999999999999,-0.016899999999999915,0.2521,0.768,-0.9601,0.9173,0.75,0.25,1.8774,0.9382,0.0,0.94496,0.028679999999999962
0.9491,0.011,0.0399,0.9382,0.6161,positive,TSLA,2024-10-01,Q4 2024,positive,0.9551,0.4736,0.0,0.0588,0.0716999999999999,-0.016899999999999915,0.8995,0.0672,0.7653,0.9371,1.0,0.0,0.1718,0.9382,0.0,0.94496,0.028679999999999962
0.9491,0.011,0.0399,0.9382,0.6161,positive,TSLA,2024-10-01,Q4 2024,positive,0.9551,0.4736,0.0,0.0588,0.0716999999999999,-0.016899999999999915,0.6685,0.2574,0.3442,0.9315,1.0,0.0,0.5873,0.9382,0.0,0.94496,0.028679999999999962
0.9491,0.011,0.0399,0.9382,0.6161,positive,TSLA,2024-10-01,Q4 2024,positive,0.9551,0.4736,0.0,0.0588,0.0716999999999999,-0.016899999999999915,0.8298,0.1996,0.4308,0.9364,1.0,0.0,0.5056,0.9382,0.0,0.94496,0.028679999999999962
